title,link
Electric Vehicle Population Data,https://catalog.data.gov/dataset/electric-vehicle-population-data
Crime Data from 2020 to Present,https://catalog.data.gov/dataset/crime-data-from-2020-to-present
National Death Index,https://catalog.data.gov/dataset/national-death-index
Supply Chain Greenhouse Gas Emission Factors v1.3 by NAICS-6,https://catalog.data.gov/dataset/supply-chain-greenhouse-gas-emission-factors-v1-3-by-naics-6
Harmonized Tariff Schedule of the United States (2025),https://catalog.data.gov/dataset/harmonized-tariff-schedule-of-the-united-states-2024
Dynamic Small Business Search (DSBS),https://catalog.data.gov/dataset/dynamic-small-business-search-dsbs-4f0da
Fruit and Vegetable Prices,https://catalog.data.gov/dataset/fruit-and-vegetable-prices
National Obesity By State,https://catalog.data.gov/dataset/national-obesity-by-state-d765a
Air Quality,https://catalog.data.gov/dataset/air-quality
Motor Vehicle Collisions - Crashes,https://catalog.data.gov/dataset/motor-vehicle-collisions-crashes
Warehouse and Retail Sales,https://catalog.data.gov/dataset/warehouse-and-retail-sales
"Nutrition, Physical Activity, and Obesity - Behavioral Risk Factor Surveillance System",https://catalog.data.gov/dataset/nutrition-physical-activity-and-obesity-behavioral-risk-factor-surveillance-system
U.S. Chronic Disease Indicators,https://catalog.data.gov/dataset/u-s-chronic-disease-indicators
Border Crossing Entry Data,https://catalog.data.gov/dataset/border-crossing-entry-data-683ae
National Student Loan Data System,https://catalog.data.gov/dataset/national-student-loan-data-system-722b0
Lottery Powerball Winning Numbers: Beginning 2010,https://catalog.data.gov/dataset/lottery-powerball-winning-numbers-beginning-2010
2011-12 Gifted and Talented Enrollment Estimations,https://catalog.data.gov/dataset/2011-12-gifted-and-talented-enrollment-estimations-615ac
"Death rates for suicide, by sex, race, Hispanic origin, and age: United States",https://catalog.data.gov/dataset/death-rates-for-suicide-by-sex-race-hispanic-origin-and-age-united-states-020c1
Walkability Index,https://catalog.data.gov/dataset/walkability-index8
Inventory of Owned and Leased Properties (IOLP),https://catalog.data.gov/dataset/inventory-of-owned-and-leased-properties-iolp
FDIC Failed Bank List,https://catalog.data.gov/dataset/fdic-failed-bank-list
Real Estate Sales 2001-2022 GL,https://catalog.data.gov/dataset/real-estate-sales-2001-2018
Water Quality Data,https://catalog.data.gov/dataset/water-quality-data-41c5e
Supply Chain Greenhouse Gas Emission Factors v1.2 by NAICS-6,https://catalog.data.gov/dataset/supply-chain-greenhouse-gas-emission-factors-v1-2-by-naics-6
"Collection
            
Civil Rights Data Collection (CRDC) for the 2017-18 school year",https://catalog.data.gov/dataset/civil-rights-data-collection-crdc-for-the-2017-18-school-year
"NNDSS - TABLE 1CC. Rabies, Animal to Rabies, Human",https://catalog.data.gov/dataset/nndss-table-1cc-rabies-animal-to-rabies-human-b7453
National Database for Autism Research (NDAR),https://catalog.data.gov/dataset/national-database-for-autism-research-ndar
"Civil Rights Data Collection, 2011-12",https://catalog.data.gov/dataset/civil-rights-data-collection-2011-12-53eb4
Crime Incidents in 2024,https://catalog.data.gov/dataset/crime-incidents-in-2024
Food Price Outlook,https://catalog.data.gov/dataset/food-price-outlook
Baby Names from Social Security Card Applications - National Data,https://catalog.data.gov/dataset/baby-names-from-social-security-card-applications-national-data
Public Library Survey (PLS) 2018,https://catalog.data.gov/dataset/public-library-survey-pls-2018
Work Opportunity Tax Credit (WOTC) certification data,https://catalog.data.gov/dataset/wotc-certifications-data
NCHS - Leading Causes of Death: United States,https://catalog.data.gov/dataset/nchs-leading-causes-of-death-united-states
Mental Health Care in the Last 4 Weeks,https://catalog.data.gov/dataset/mental-health-care-in-the-last-4-weeks
Crimes - 2001 to Present,https://catalog.data.gov/dataset/crimes-2001-to-present
Average Salary by Job Classification,https://catalog.data.gov/dataset/average-salary-by-job-classification
"Drug overdose death rates, by drug type, sex, age, race, and Hispanic origin: United States",https://catalog.data.gov/dataset/drug-overdose-death-rates-by-drug-type-sex-age-race-and-hispanic-origin-united-states-3f72f
Diabetes,https://catalog.data.gov/dataset/diabetes
U.S. Hourly Precipitation Data,https://catalog.data.gov/dataset/u-s-hourly-precipitation-data2
Crash Reporting - Drivers Data,https://catalog.data.gov/dataset/crash-reporting-drivers-data
U.S. Food Imports,https://catalog.data.gov/dataset/u-s-food-imports
MVA Vehicle Sales Counts by Month for Calendar Year 2002 through January 2025,https://catalog.data.gov/dataset/mva-vehicle-sales-counts-by-month-for-calendar-year-2002-2020-up-to-october
Provisional COVID-19 Deaths by Sex and Age,https://catalog.data.gov/dataset/provisional-covid-19-death-counts-by-sex-age-and-state
Auto Sales,https://catalog.data.gov/dataset/auto-sales
Meteorite Landings,https://catalog.data.gov/dataset/meteorite-landings
Pittsburgh American Community Survey 2015 - Miscellaneous Data,https://catalog.data.gov/dataset/pittsburgh-american-community-survey-2015-miscellaneous-data
Harmonized Tariff Schedule of the United States (2024),https://catalog.data.gov/dataset/harmonized-tariff-schedule-of-the-united-states-2024-41c71
Lottery Mega Millions Winning Numbers: Beginning 2002,https://catalog.data.gov/dataset/lottery-mega-millions-winning-numbers-beginning-2002
Alzheimer's Disease and Healthy Aging Data,https://catalog.data.gov/dataset/alzheimers-disease-and-healthy-aging-data
Public School Characteristics 2022-23,https://catalog.data.gov/dataset/public-school-characteristics-2022-23-451db
Quick Stats Agricultural Database,https://catalog.data.gov/dataset/quick-stats-agricultural-database
Adult Depression (LGHC Indicator),https://catalog.data.gov/dataset/adult-depression-lghc-indicator-627e3
"Health conditions among children under age 18, by selected characteristics: United States",https://catalog.data.gov/dataset/health-conditions-among-children-under-age-18-by-selected-characteristics-united-states-53b56
Violent Crime Rate,https://catalog.data.gov/dataset/violent-crime-rate-9a68e
Popular Baby Names,https://catalog.data.gov/dataset/popular-baby-names
USEEIO Models with Import Emission Factors for Greenhouse Gases for 2017-2022 from EXIOBASE coupled model,https://catalog.data.gov/dataset/useeio-models-with-import-emission-factors-for-greenhouse-gases-for-2017-2022-from-exiobas
Consumer Complaint Database,https://catalog.data.gov/dataset/consumer-complaint-database
National Stock Number Extract,https://catalog.data.gov/dataset/national-stock-number-extract
COVID-19 Outcomes by Vaccination Status - Historical,https://catalog.data.gov/dataset/covid-19-outcomes-by-vaccination-status
FY23 Federal Real Property Profile (FRPP) Public Dataset,https://catalog.data.gov/dataset/fy23-federal-real-property-profile-frpp-public-dataset
Federal Criminal Case Processing Statistics (FCCPS),https://catalog.data.gov/dataset/federal-criminal-case-processing-statistics
Chemicals in Cosmetics,https://catalog.data.gov/dataset/chemicals-in-cosmetics-d55bf
Iowa School Performance Profiles,https://catalog.data.gov/dataset/iowa-school-performance-profiles
MTA Daily Ridership Data: 2020 - 2025,https://catalog.data.gov/dataset/mta-daily-ridership-data-beginning-2020
NCDC Storm Events Database,https://catalog.data.gov/dataset/ncdc-storm-events-database2
Cancer Rates,https://catalog.data.gov/dataset/cancer-rates-5cf0c
NYPD Arrest Data (Year to Date),https://catalog.data.gov/dataset/nypd-arrest-data-year-to-date
"Provisional COVID-19 death counts, rates, and percent of total deaths, by jurisdiction of residence",https://catalog.data.gov/dataset/provisional-covid-19-death-counts-rates-and-percent-of-total-deaths-by-jurisdiction-of-res
"TIGER/Line Shapefile, 2022, Nation, U.S., 2020 Census 5-Digit ZIP Code Tabulation Area (ZCTA5)",https://catalog.data.gov/dataset/tiger-line-shapefile-2022-nation-u-s-2020-census-5-digit-zip-code-tabulation-area-zcta5
MTA Bus Speeds: 2015-2019,https://catalog.data.gov/dataset/mta-bus-speeds-beginning-2015
"IPCC AR4, AR5, and AR6 20-, 100-, and 500-year GWPs",https://catalog.data.gov/dataset/ipcc-ar4-ar5-and-ar6-20-100-and-500-year-gwps
Driver Licenses and ID Cards Transferred to Washington,https://catalog.data.gov/dataset/driver-licenses-and-id-cards-transferred-to-washington
18 excel spreadsheets by species and year giving reproduction and growth data.  One excel spreadsheet of herbicide treatment chemistry.,https://catalog.data.gov/dataset/18-excel-spreadsheets-by-species-and-year-giving-reproduction-and-growth-data-one-excel-sp
Food Affordability,https://catalog.data.gov/dataset/food-affordability-fc448
U.S. Electric Utility Companies and Rates: Look-up by Zipcode (2020),https://catalog.data.gov/dataset/u-s-electric-utility-companies-and-rates-look-up-by-zipcode-2020
Business Lookup,https://catalog.data.gov/dataset/business-lookup
MTA Key Performance Indicators: 2008-2021,https://catalog.data.gov/dataset/metropolitan-transportation-authority-mta-performance-indicators-per-agency-beginning-2008
Consumer Price Index (CPI),https://catalog.data.gov/dataset/consumer-price-index-cpi-ee18b
National Missing and Unidentified Persons System (NamUs),https://catalog.data.gov/dataset/national-missing-and-unidentified-persons-system-namus
"Normal weight, overweight, and obesity among adults aged 20 and over, by selected characteristics: United States",https://catalog.data.gov/dataset/normal-weight-overweight-and-obesity-among-adults-aged-20-and-over-by-selected-characteris-8e2b1
Financial Statement Data Sets,https://catalog.data.gov/dataset/financial-statement-data-sets
2023 Yellow Taxi Trip Data,https://catalog.data.gov/dataset/2023-yellow-taxi-trip-data
Crime Reports,https://catalog.data.gov/dataset/crime-reports-bf2b7
"Collection
            
Civil Rights Data Collection (CRDC) for the 2015-16  school year",https://catalog.data.gov/dataset/civil-rights-data-collection-crdc-for-the-2015-16-school-year
Indicators of Anxiety or Depression Based on Reported Frequency of Symptoms During Last 7 Days,https://catalog.data.gov/dataset/indicators-of-anxiety-or-depression-based-on-reported-frequency-of-symptoms-during-last-7-
CA Geographic Boundaries,https://catalog.data.gov/dataset/ca-geographic-boundaries
Food Access Research Atlas,https://catalog.data.gov/dataset/food-access-research-atlas
National Survey on Drug Use and Health (NSDUH-2015),https://catalog.data.gov/dataset/national-survey-on-drug-use-and-health-nsduh-2015
Census Data,https://catalog.data.gov/dataset/census-data
National Park Boundaries,https://catalog.data.gov/dataset/national-park-boundaries
Supply Chain GHG Emission Factors for US Commodities and Industries v1.1.1,https://catalog.data.gov/dataset/supply-chain-ghg-emission-factors-for-us-commodities-and-industries-v1-1-1
Iowa Parole Revocations,https://catalog.data.gov/dataset/iowa-parole-revocations
2011-12 School Counselors Estimations,https://catalog.data.gov/dataset/2011-12-school-counselors-estimations-e70c1
College Scorecard,https://catalog.data.gov/dataset/college-scorecard-c25e9
EZAUCR Arrest Statistics,https://catalog.data.gov/dataset/ezaucr-arrest-statistics
"Global Historical Climatology Network - Daily (GHCN-Daily), Version 3",https://catalog.data.gov/dataset/global-historical-climatology-network-daily-ghcn-daily-version-32
Development Experience Clearinghouse (DEC),https://catalog.data.gov/dataset/development-experience-clearinghouse-dec
"TIGER/Line Shapefile, Current, Nation, U.S., State and Equivalent Entities",https://catalog.data.gov/dataset/tiger-line-shapefile-current-nation-u-s-state-and-equivalent-entities
Total Energy Data and Statistics,https://catalog.data.gov/dataset/total-energy-data-and-statistics
"U.S. Billion-dollar Weather and Climate Disasters, 1980 - present (NCEI Accession 0209268)",https://catalog.data.gov/dataset/u-s-billion-dollar-weather-and-climate-disasters-1980-present-ncei-accession-02092681
Low and Moderate Income Areas,https://catalog.data.gov/dataset/hud-low-and-moderate-income-areas
Public Library Survey (PLS) 2020,https://catalog.data.gov/dataset/public-library-survey-pls-2020
"Rates and Trends in Heart Disease and Stroke Mortality Among US Adults (35+) by County, Age Group, Race/Ethnicity, and Sex – 2000-2019",https://catalog.data.gov/dataset/rates-and-trends-in-heart-disease-and-stroke-mortality-among-us-adults-35-by-county-a-2000-45659
Motor Vehicle Registrations Dashboard data,https://catalog.data.gov/dataset/motor-vehicle-registrations-dashboard-data
"Cropland Data Layer

            NGDA",https://catalog.data.gov/dataset/cropscape-cropland-data-layer
Air Quality Measures on the National Environmental Health Tracking Network,https://catalog.data.gov/dataset/air-quality-measures-on-the-national-environmental-health-tracking-network
Microplastics in Drinking Water,https://catalog.data.gov/dataset/microplastics-in-drinking-water
Traffic Crashes - Crashes,https://catalog.data.gov/dataset/traffic-crashes-crashes
National List of Beaches,https://catalog.data.gov/dataset/national-list-of-beaches
"1 meter Digital Elevation Models (DEMs) - USGS National Map 3DEP Downloadable Data
Collection

            NGDA",https://catalog.data.gov/dataset/1-meter-digital-elevation-models-dems-usgs-national-map-3dep-downloadable-data-collection
"Obesity among children and adolescents aged 2–19 years, by selected characteristics: United States",https://catalog.data.gov/dataset/obesity-among-children-and-adolescents-aged-219-years-by-selected-characteristics-united-s-3ead4
Corporations Search (Washington state),https://catalog.data.gov/dataset/corporations-search-from-secretary-of-state
Locations of Docked Bikeshare Stations by System and Year,https://catalog.data.gov/dataset/locations-of-docked-bikeshare-stations-by-system-and-year
Grocery Store Locations,https://catalog.data.gov/dataset/grocery-store-locations
U.S. Daily Climate Normals (1981-2010),https://catalog.data.gov/dataset/u-s-daily-climate-normals-1981-20101
Military Bases,https://catalog.data.gov/dataset/military-bases1
Sugar-Sweetened Beverage Consumption in California Residents,https://catalog.data.gov/dataset/sugar-sweetened-beverage-consumption-in-california-residents-69c65
Quick Stats Agricultural Database API,https://catalog.data.gov/dataset/quick-stats-agricultural-database-api
Listing of Active Businesses,https://catalog.data.gov/dataset/listing-of-active-businesses
"Employment, Unemployment, and Labor Force Data",https://catalog.data.gov/dataset/employment-unemployment-and-labor-force-data
Employee Salaries - 2024,https://catalog.data.gov/dataset/employee-salaries-2024
Regional Air Quality Data,https://catalog.data.gov/dataset/regional-air-quality-data
City and County Vehicle Inventories,https://catalog.data.gov/dataset/city-and-county-vehicle-inventories-f07a0
MTA Subway Major Incidents: Beginning 2020,https://catalog.data.gov/dataset/mta-subway-major-incidents-beginning-2020
City and County Energy Profiles,https://catalog.data.gov/dataset/city-and-county-energy-profiles-60fbd
School Performance,https://catalog.data.gov/dataset/school-performance
"2022 Cartographic Boundary File (SHP), United States, 1:20,000,000",https://catalog.data.gov/dataset/2022-cartographic-boundary-file-shp-united-states-1-20000000
"FSIS MPI - Meat, Poultry, and Egg Inspection Directory by Establishment Number",https://catalog.data.gov/dataset/fsis-meat-poultry-and-egg-inspection-directory-by-establishment-number
Public Libraries,https://catalog.data.gov/dataset/public-libraries-b1aaf
Smart Location Database,https://catalog.data.gov/dataset/smart-location-database8
Disaster Declarations Summaries,https://catalog.data.gov/dataset/disaster-declarations-summaries-nemis
Low-Income Energy Affordability Data - LEAD Tool - 2022 Update,https://catalog.data.gov/dataset/low-income-energy-affordability-data-lead-tool-2022-update
Amtrak On-Time Performance,https://catalog.data.gov/dataset/amtrak-on-time-performance
"Military Installations, Ranges, and Training Areas

            NGDA",https://catalog.data.gov/dataset/military-installations-ranges-and-training-areas
Heart Disease Mortality Data Among US Adults (35+) by State/Territory and County – 2019-2021,https://catalog.data.gov/dataset/heart-disease-mortality-data-among-us-adults-35-by-state-territory-and-county-2019-2021
Monthly and Annual Energy Consumption by Sector,https://catalog.data.gov/dataset/monthly-and-annual-energy-consumption-by-sector
Li-ion Battery Aging Datasets,https://catalog.data.gov/dataset/li-ion-battery-aging-datasets
"Soil Survey Geographic Database (SSURGO)

            NGDA",https://catalog.data.gov/dataset/soil-survey-geographic-database-ssurgo
"Individuals, ZIP Code Data",https://catalog.data.gov/dataset/zip-code-data
Global Landslide Catalog Export,https://catalog.data.gov/dataset/global-landslide-catalog-export
Traffic Violations,https://catalog.data.gov/dataset/traffic-violations
Congressional Districts,https://catalog.data.gov/dataset/congressional-districts5
MTA Subway Stations,https://catalog.data.gov/dataset/mta-subway-stations
Metropolitan Export Series,https://catalog.data.gov/dataset/metropolitan-export-series
"TIGER/Line Shapefile, 2023, Nation, U.S., Primary Roads",https://catalog.data.gov/dataset/tiger-line-shapefile-2023-nation-u-s-primary-roads
Board of Veterans' Appeals Decisions,https://catalog.data.gov/dataset/board-of-veterans-appeals-decisions
Drug Use Data from Selected Hospitals,https://catalog.data.gov/dataset/drug-use-data-from-selected-hospitals-26ee4
Adoptable Pets,https://catalog.data.gov/dataset/adoptable-pets
"Collection
            
SAFER - Company Snapshot",https://catalog.data.gov/dataset/safer-company-snapshot
National USFS Fire Occurrence Point (Feature Layer),https://catalog.data.gov/dataset/national-usfs-fire-occurrence-point-feature-layer-d3233
2017-18 Harassment or Bullying Civil Rights Data Collection,https://catalog.data.gov/dataset/2017-18-harassment-or-bullying-civil-rights-data-collection
Supply Chain Shipment Pricing Dataset,https://catalog.data.gov/dataset/supply-chain-shipment-pricing-data-07d29
"Infectious Diseases by Disease, County, Year, and Sex",https://catalog.data.gov/dataset/infectious-diseases-by-disease-county-year-and-sex-6e856
International Food Security,https://catalog.data.gov/dataset/international-food-security
Supply Chain Greenhouse Gas Emission Factors for US Industries and Commodities,https://catalog.data.gov/dataset/supply-chain-greenhouse-gas-emission-factors-for-us-industries-and-commodities
Arrest Data from 2010 to 2019,https://catalog.data.gov/dataset/arrest-data-from-2010-to-2019
"National Agriculture Imagery Program (NAIP) Imagery

            NGDA",https://catalog.data.gov/dataset/national-agriculture-imagery-program-naip-imagery
CDC WONDER: Detailed Mortality - Underlying Cause of Death,https://catalog.data.gov/dataset/cdc-wonder-detailed-mortality-underlying-cause-of-death
Issued Construction Permits,https://catalog.data.gov/dataset/issued-construction-permits
USGS Water-Quality Data for the Nation - National Water Information System (NWIS),https://catalog.data.gov/dataset/usgs-water-quality-data-for-the-nation-national-water-information-system-nwis
Water Quality Data,https://catalog.data.gov/dataset/water-quality-data-c4036
Hate Crimes 2017-2025,https://catalog.data.gov/dataset/hate-crimes-2024
NCHS - Death rates and life expectancy at birth,https://catalog.data.gov/dataset/nchs-death-rates-and-life-expectancy-at-birth
Interest Rate Statistics - Daily Treasury Bill Rates,https://catalog.data.gov/dataset/interest-rate-statistics-daily-treasury-bill-rates
Medicare Part D Spending by Drug,https://catalog.data.gov/dataset/medicare-part-d-spending-by-drug-401d2
Zoning By Address,https://catalog.data.gov/dataset/zoning-by-address
Crime Incidents in 2025,https://catalog.data.gov/dataset/crime-incidents-in-2025
NYPD Shooting Incident Data (Historic),https://catalog.data.gov/dataset/nypd-shooting-incident-data-historic
UNSPSC Codes,https://catalog.data.gov/dataset/unspsc-codes-93778
Toxics Release Inventory (TRI),https://catalog.data.gov/dataset/toxics-release-inventory-tri
Find Shortage Areas: HPSA & MUA/P by Address,https://catalog.data.gov/dataset/find-shortage-areas-hpsa-mua-p-by-address
2013-14 School Counselors Estimations,https://catalog.data.gov/dataset/2013-14-school-counselors-estimations-20e5c
Monthly Rates of Laboratory-Confirmed COVID-19 Hospitalizations from the COVID-NET Surveillance System,https://catalog.data.gov/dataset/monthly-rates-of-laboratory-confirmed-covid-19-hospitalizations-from-the-covid-net-surveil
Provisional drug overdose death counts for specific drugs,https://catalog.data.gov/dataset/provisional-drug-overdose-death-counts-for-specific-drugs
SRTM30+ Global 1-km Digital Elevation Model (DEM): Version 11: Land Surface,https://catalog.data.gov/dataset/srtm30-global-1-km-digital-elevation-model-dem-version-11-land-surface
"Collection
            
Civil Rights Data Collection (CRDC)",https://catalog.data.gov/dataset/civil-rights-data-collection-crdc
Next Generation Simulation (NGSIM) Vehicle Trajectories and Supporting Data,https://catalog.data.gov/dataset/next-generation-simulation-ngsim-vehicle-trajectories-and-supporting-data
Subcontracting Network (SUBNet) System,https://catalog.data.gov/dataset/subcontracting-network-subnet-system
Electric Vehicle Charging Stations,https://catalog.data.gov/dataset/electric-vehicle-charging-stations
NCRN Bird Monitoring Data 2007 - 2017,https://catalog.data.gov/dataset/ncrn-bird-monitoring-data-2007-2017
Allegheny County Property Viewer,https://catalog.data.gov/dataset/allegheny-county-property-viewer
500 Cities: City Boundaries,https://catalog.data.gov/dataset/500-cities-city-boundaries
Surgical Site Infections (SSIs) for Operative Procedures in California Hospitals,https://catalog.data.gov/dataset/surgical-site-infections-ssis-for-operative-procedures-in-california-hospitals-a6bf6
DIR Electrician Certification Unit (ECU),https://catalog.data.gov/dataset/dir-electrician-certification-unit-ecu
City and County Commercial Building Inventories,https://catalog.data.gov/dataset/city-and-county-commercial-building-inventories-010d2
Rare Earth Element Occurrences in the United States,https://catalog.data.gov/dataset/rare-earth-element-occurrences-in-the-united-states
Shark Incident Database - California,https://catalog.data.gov/dataset/shark-incident-database-california-56167
CMAPSS Jet Engine Simulated Data,https://catalog.data.gov/dataset/cmapss-jet-engine-simulated-data
2010 Census Populations by Zip Code,https://catalog.data.gov/dataset/2010-census-populations-by-zip-code
Federal Student Loan Portfolio,https://catalog.data.gov/dataset/federal-student-loan-portfolio-2e077
Electric Vehicle Population Size History By County,https://catalog.data.gov/dataset/electric-vehicle-population-size-history-by-county
1.08 Crash Data Report (detail),https://catalog.data.gov/dataset/1-08-crash-data-report-detail-498c3
ASTEROID ABSOLUTE MAGNITUDES V3.0,https://catalog.data.gov/dataset/asteroid-absolute-magnitudes-v3-0-78b3a
Food and Nutrition,https://catalog.data.gov/dataset/food-and-nutrition
"Nutrition, Physical Activity, and Obesity - Youth Risk Behavior Surveillance System",https://catalog.data.gov/dataset/nutrition-physical-activity-and-obesity-youth-risk-behavior-surveillance-system
"Inventory of water bottling facilities in the United States, 2023, and select water-use data, 1955-2022",https://catalog.data.gov/dataset/inventory-of-water-bottling-facilities-in-the-united-states-2023-and-select-water-use-1955-9019f
Data from: The influence of active video game play upon physical activity and screen-based activities in sedentary children,https://catalog.data.gov/dataset/data-from-the-influence-of-active-video-game-play-upon-physical-activity-and-screen-based--33694
"Household Debt by State, County, and MSA",https://catalog.data.gov/dataset/household-debt-by-state-county-and-msa
MTA NYCT Safety Data: Beginning 2019,https://catalog.data.gov/dataset/mta-nyct-safety-data-beginning-2019
"Allegheny County Tax Liens (Filings, Satisfactions, and Current Status)",https://catalog.data.gov/dataset/allegheny-county-tax-liens-filings-satisfactions-and-current-status
NPL Superfund Site Boundaries (EPA),https://catalog.data.gov/dataset/npl-superfund-site-boundaries-epa10
Supply Chain GHG Emission Factors for US Commodities and Industries v1.1,https://catalog.data.gov/dataset/supply-chain-ghg-emission-factors-for-us-commodities-and-industries-v1-1
Global Surface Summary of the Day - GSOD,https://catalog.data.gov/dataset/global-surface-summary-of-the-day-gsod1
Easy Access to State and County Juvenile Court Case Counts,https://catalog.data.gov/dataset/easy-access-to-state-and-county-juvenile-court-case-counts
Motor Carrier Registrations - Census Files,https://catalog.data.gov/dataset/motor-carrier-registrations-census-files
Global Terrorism Database,https://catalog.data.gov/dataset/global-terrorism-database
2017-18 Arrests Civil Rights Data Collection,https://catalog.data.gov/dataset/2017-18-arrests-civil-rights-data-collection
NHRIC (National Health Related Items Code),https://catalog.data.gov/dataset/nhric-national-health-related-items-code
"Conditions Contributing to COVID-19 Deaths, by State and Age, Provisional 2020-2023",https://catalog.data.gov/dataset/conditions-contributing-to-deaths-involving-coronavirus-disease-2019-covid-19-by-age-group
NNDSS - Table II. Rubella to Salmonellosis,https://catalog.data.gov/dataset/nndss-table-ii-rubella-to-salmonellosis
Visible Human Project,https://catalog.data.gov/dataset/visible-human-project-867fb
FIMA NFIP Redacted Claims (OpenFEMA),https://catalog.data.gov/dataset/fima-nfip-redacted-claims-openfema
DC Office of Tax and Revenue Real Property Assessment Map App,https://catalog.data.gov/dataset/dc-office-of-tax-and-revenue-real-property-assessment-map-app
Accidental Drug Related Deaths 2012-2023,https://catalog.data.gov/dataset/accidental-drug-related-deaths-2012-2018
"Monthly Counts of Deaths by Select Causes, 2014-2019",https://catalog.data.gov/dataset/monthly-counts-of-deaths-by-select-causes-2014-2019-da9df
NIST X-ray Photoelectron Spectroscopy Database - SRD 20,https://catalog.data.gov/dataset/nist-x-ray-photoelectron-spectroscopy-database-srd-20-40d6f
"TIGER/Line Shapefile, 2019,  nation, U.S., Current Metropolitan Statistical Area/Micropolitan Statistical Area (CBSA) National",https://catalog.data.gov/dataset/tiger-line-shapefile-2019-nation-u-s-current-metropolitan-statistical-area-micropolitan-statist
"FWS Critical Habitat for Threatened and Endangered Species Dataset

            NGDA",https://catalog.data.gov/dataset/fws-critical-habitat-for-threatened-and-endangered-species-dataset
USEEIO v2.0.1-411,https://catalog.data.gov/dataset/useeio-v2-0-1-411
Recalls Data,https://catalog.data.gov/dataset/recalls-data
Educational Attainment,https://catalog.data.gov/dataset/educational-attainment-8c8b5
Federal School Code List for Free Application for Federal Student Aid (FAFSA),https://catalog.data.gov/dataset/federal-school-code-list-for-free-application-for-federal-student-aid-fafsa-6cefe
Cannabis Retail Sales by Week Ending,https://catalog.data.gov/dataset/cannabis-retail-sales-by-week-ending
2016-17 - 2020-21 School End-of-Year Attendance and Chronic Absenteeism Data,https://catalog.data.gov/dataset/2016-17-2020-21-school-end-of-year-attendance-and-chronic-absenteeism-data
Flood Hazard Area,https://catalog.data.gov/dataset/flood-hazard-area
MTA Subway Hourly Ridership: Beginning 2025,https://catalog.data.gov/dataset/mta-subway-hourly-ridership-beginning-2025
Hospital Annual Financial Data - Selected Data & Pivot Tables,https://catalog.data.gov/dataset/hospital-annual-financial-data-selected-data-pivot-tables-92074
USGS US Topo Map Collection,https://catalog.data.gov/dataset/usgs-us-topo-map-collection
Alternative Fueling Station Locations,https://catalog.data.gov/dataset/alternative-fueling-station-locations-422f2
"Gender, Mental Illness, and Crime in the United States, 2004",https://catalog.data.gov/dataset/gender-mental-illness-and-crime-in-the-united-states-2004-42fde
"Local Area Unemployment Statistics (LAUS), Annual Average",https://catalog.data.gov/dataset/local-area-unemployment-statistics-laus-annual-average
"BLM National PLSS Public Land Survey System Polygons

            NGDA",https://catalog.data.gov/dataset/blm-natl-plss-public-land-survey-system-polygons-national-geospatial-data-asset-ngda
Schedule of Equipment Rates,https://catalog.data.gov/dataset/schedule-of-equipment-rates
Wind Turbine Gearbox Condition Monitoring Vibration Analysis Benchmarking Datasets,https://catalog.data.gov/dataset/wind-turbine-gearbox-condition-monitoring-vibration-analysis-benchmarking-datasets
Federal Procurement Data System - FPDS API,https://catalog.data.gov/dataset/federal-procurement-data-system-fpds-api
Selected Online Casino Gaming Data,https://catalog.data.gov/dataset/selected-online-casino-gaming-data
National Obesity By State,https://catalog.data.gov/dataset/national-obesity-by-state-2094c
Daily Weather Records,https://catalog.data.gov/dataset/daily-weather-records1
Occupational Employment and Wage Statistics (OES),https://catalog.data.gov/dataset/occupational-employment-and-wage-statistics-oes
LactMed (Drugs and Lactation Database),https://catalog.data.gov/dataset/lactmed-09a41
County Jail Rosters,https://catalog.data.gov/dataset/county-jail-rosters
Food Security in the United States,https://catalog.data.gov/dataset/food-security-in-the-united-states
California Hospital Inpatient Mortality Rates and Quality Ratings,https://catalog.data.gov/dataset/california-hospital-inpatient-mortality-rates-and-quality-ratings-8e21f
"TIGER/Line Shapefile, 2020, Nation, U.S., American Indian Tribal Subdivisions",https://catalog.data.gov/dataset/tiger-line-shapefile-2020-nation-u-s-american-indian-tribal-subdivisions
Event-correlated Outage Dataset in America,https://catalog.data.gov/dataset/event-correlated-outage-dataset-in-america
Feed Grains Database,https://catalog.data.gov/dataset/feed-grains-database
Civil Rights Data Collection State Files 2015-16,https://catalog.data.gov/dataset/civil-rights-data-collection-state-files-2015-16-cf9b8
Chicago Public Schools - Progress Report Cards (2011-2012),https://catalog.data.gov/dataset/chicago-public-schools-progress-report-cards-2011-2012
National Inpatient Sample (NIS) - Restricted Access Files,https://catalog.data.gov/dataset/hcup-national-nationwide-inpatient-sample-nis-restricted-access-file
"Collection
            
Uniform Crime Reporting Program Data Series",https://catalog.data.gov/dataset/uniform-crime-reporting-program-data-series-16edb
Financial Statement and Notes Data Sets,https://catalog.data.gov/dataset/financial-statement-and-notes-data-sets
Tropic of Cancer,https://catalog.data.gov/dataset/tropic-of-cancer
DC Public Employee Salary,https://catalog.data.gov/dataset/dc-public-employee-salary
Unassigned Social Security Numbers,https://catalog.data.gov/dataset/unassigned-social-security-numbers
Summary Metrics by Decile and Quartile,https://catalog.data.gov/dataset/summary-metrics-by-decile-and-quartile
Air Traffic Passenger Statistics,https://catalog.data.gov/dataset/air-traffic-passenger-statistics
Harmonized Tariff Schedule of the United States (2023),https://catalog.data.gov/dataset/harmonized-tariff-schedule-of-the-united-states-2023
Road Traffic Injuries,https://catalog.data.gov/dataset/road-traffic-injuries-0935b
Current Invasive Plants (Feature Layer),https://catalog.data.gov/dataset/current-invasive-plants-feature-layer-9c83e
"Collection
            
National Intimate Partner and Sexual Violence Survey (NISVS) Series",https://catalog.data.gov/dataset/national-intimate-partner-and-sexual-violence-survey-nisvs-series-7e78b
School District Characteristics - Current,https://catalog.data.gov/dataset/school-district-characteristics-current-4aa03
"Cancer Incidence - Surveillance, Epidemiology, and End Results (SEER) Registries Limited-Use",https://catalog.data.gov/dataset/cancer-incidence-surveillance-epidemiology-and-end-results-seer-registries-limited-use
MSHA Mines Dataset,https://catalog.data.gov/dataset/msha-mines-dataset
Financial Institutions,https://catalog.data.gov/dataset/financial-institutions
"Collection
            
National Incident-Based Reporting System (NIBRS) Series",https://catalog.data.gov/dataset/national-incident-based-reporting-system-nibrs-series-e45c2
"TIGER/Line Shapefile, 2019,  nation, U.S., Current County and Equivalent National Shapefile",https://catalog.data.gov/dataset/tiger-line-shapefile-2019-nation-u-s-current-county-and-equivalent-national-shapefile
"Collection
            
Uniform Crime Reporting (UCR) Program",https://catalog.data.gov/dataset/uniform-crime-reporting-ucr-program
Safe Drinking Water Information System (SDWIS),https://catalog.data.gov/dataset/safe-drinking-water-information-system-sdwis
"COVID-19 Daily Counts of Cases, Hospitalizations, and Deaths",https://catalog.data.gov/dataset/covid-19-daily-counts-of-cases-hospitalizations-and-deaths
"Collection
            
Expenditure and Employment Data for the Criminal Justice System Series",https://catalog.data.gov/dataset/expenditure-and-employment-data-for-the-criminal-justice-system-series-6d69c
Providence Police Case Log - Past 180 days,https://catalog.data.gov/dataset/providence-police-case-log-past-180-days
Monthly Modal Time Series,https://catalog.data.gov/dataset/monthly-modal-time-series
Compilation of Geospatial Data (GIS) for the Mineral Industries and Related Infrastructure of Africa,https://catalog.data.gov/dataset/compilation-of-geospatial-data-gis-for-the-mineral-industries-and-related-infrastructure-o
Diabetes + Hypertension (comorbidity),https://catalog.data.gov/dataset/diabetes-hypertension-comorbidity
U.S. Marketing Air Carriers On-time Performance,https://catalog.data.gov/dataset/u-s-marketing-air-carriers-on-time-performance
HIV/AIDS Cases,https://catalog.data.gov/dataset/hiv-aids-cases-5805c
Drugs@FDA Database,https://catalog.data.gov/dataset/drugsfda-database
International Macroeconomic Data Set,https://catalog.data.gov/dataset/international-macroeconomic-data-set
"CHIRPS Version 2.0, Precipitation, Global, 0.05Â°, Daily, 1981-present, Lon0360",https://catalog.data.gov/dataset/chirps-version-2-0-precipitation-global-0-05a-daily-1981-present-lon0360
National Inventory of Dams (NID),https://catalog.data.gov/dataset/national-inventory-of-dams-nid
Clean Air Status and Trends Network (CASTNET): Ozone,https://catalog.data.gov/dataset/clean-air-status-and-trends-network-castnet-ozone
"Motor Vehicle Registrations, 2000 - 2023 (MV-1)",https://catalog.data.gov/dataset/motor-vehicle-registrations-2000-2023-mv-1
"School Neighborhood Poverty Estimates, 2020-21",https://catalog.data.gov/dataset/school-neighborhood-poverty-estimates-2020-21
www.FuelEconomy.gov,https://catalog.data.gov/dataset/www-fueleconomy-gov
"ASTER Global DEM

            NGDA",https://catalog.data.gov/dataset/aster-global-dem
Demographic and Health Surveys (DHS),https://catalog.data.gov/dataset/demographic-and-health-surveys-dhs
DOHMH Dog Bite Data,https://catalog.data.gov/dataset/dohmh-dog-bite-data
5.12 Cybersecurity (detail),https://catalog.data.gov/dataset/5-12-cybersecurity-detail-d8bb7
Electric Substations,https://catalog.data.gov/dataset/electric-substations
NYPD Calls for Service (Year to Date),https://catalog.data.gov/dataset/nypd-calls-for-service
Emission & Generation Resource Integrated Database (eGRID),https://catalog.data.gov/dataset/emission-generation-resource-integrated-database-egrid2020
FoodData Central,https://catalog.data.gov/dataset/fooddata-central-db896
"Collection
            
Highway Performance Monitoring System (HPMS)",https://catalog.data.gov/dataset/highway-performance-monitoring-system-hpms
NCHS - Potentially Excess Deaths from the Five Leading Causes of Death,https://catalog.data.gov/dataset/nchs-potentially-excess-deaths-from-the-five-leading-causes-of-death
MTA Monthly Ridership / Traffic Data: Beginning January 2008,https://catalog.data.gov/dataset/mta-monthly-ridership-traffic-data-beginning-january-2008
Integrated Surface Dataset (Global) (Version Superseded),https://catalog.data.gov/dataset/integrated-surface-dataset-global-version-superseded
ASTEROID DYNAMICAL FAMILIES V3.0,https://catalog.data.gov/dataset/asteroid-dynamical-families-v3-0-29167
Los Angeles International Airport - Passenger Traffic By Terminal,https://catalog.data.gov/dataset/los-angeles-international-airport-passenger-traffic-by-terminal
U.S. Annual/Seasonal Climate Normals (1981-2010),https://catalog.data.gov/dataset/u-s-annual-seasonal-climate-normals-1981-20103
Universities and Colleges,https://catalog.data.gov/dataset/universities-and-colleges
An example data set for exploration of Multiple Linear Regression,https://catalog.data.gov/dataset/an-example-data-set-for-exploration-of-multiple-linear-regression
MTA General Transit Feed Specification (GTFS) Static Data,https://catalog.data.gov/dataset/mta-general-transit-feed-specification-gtfs-static-data
CDC Social Vulnerability Index (CDCSVI),https://catalog.data.gov/dataset/cdc-social-vulnerability-index-cdcsvi
County-level Data Sets,https://catalog.data.gov/dataset/county-level-data-sets
Airports -- Citizen Connect,https://catalog.data.gov/dataset/airports-5e97a
The NOAA NCEI Global Marine Microplastics Database (1972-present),https://catalog.data.gov/dataset/the-noaa-ncei-global-marine-microplastics-database-1972-present
U.S. Electric Utility Companies and Rates: Look-up by Zipcode (2023),https://catalog.data.gov/dataset/u-s-electric-utility-companies-and-rates-look-up-by-zipcode-2023
Hospitalization Discharge Rates,https://catalog.data.gov/dataset/hospitalization-discharge-rates-49dd7
National Solar Radiation Database (NSRDB),https://catalog.data.gov/dataset/national-solar-radiation-database-nsrdb
MTA Subway and Bus Lost Time Accidents: Beginning 2021,https://catalog.data.gov/dataset/mta-subway-and-bus-lost-time-accidents-beginning-2021
Food Environment Atlas,https://catalog.data.gov/dataset/food-environment-atlas
"TIGER/Line Shapefile, 2019,  nation, U.S., Primary Roads National Shapefile

            NGDA",https://catalog.data.gov/dataset/tiger-line-shapefile-2019-nation-u-s-primary-roads-national-shapefile
Trips by Distance,https://catalog.data.gov/dataset/trips-by-distance
State Export Data,https://catalog.data.gov/dataset/state-export-data
Key Economic Indicators,https://catalog.data.gov/dataset/key-economic-indicators
USAID GHSC-PSM Health Commodity Delivery Dataset,https://catalog.data.gov/dataset/usaid-ghsc-psm-health-commodity-delivery-dataset
Means of Transportation to Work,https://catalog.data.gov/dataset/means-of-transportation-to-work2
Baby Names from Social Security Card Applications - State and District of Columbia Data,https://catalog.data.gov/dataset/baby-names-from-social-security-card-applications-state-and-district-of-columbia-data
"TIGER/Line Shapefile, Current, State, Ohio, County Subdivision",https://catalog.data.gov/dataset/tiger-line-shapefile-current-state-ohio-county-subdivision
"Collection
            
National Survey of College Graduates",https://catalog.data.gov/dataset/national-survey-of-college-graduates
CORONA Satellite Photography,https://catalog.data.gov/dataset/corona-satellite-photography
Standard Administrative Code (SAC) Index,https://catalog.data.gov/dataset/standard-administrative-code-sac-index
Food Availability (Per Capita) Data System,https://catalog.data.gov/dataset/food-availability-per-capita-data-system
Enhanced Global Steel Trade Monitor,https://catalog.data.gov/dataset/enhanced-global-steel-trade-monitor
"2022 Cartographic Boundary File (SHP), Current County and Equivalent for United States, 1:500,000",https://catalog.data.gov/dataset/2022-cartographic-boundary-file-shp-current-county-and-equivalent-for-united-states-1-500000
Sample Purchasing / Supply Chain Data,https://catalog.data.gov/dataset/sample-purchasing-supply-chain-data
Insurance complaints: All data,https://catalog.data.gov/dataset/insurance-complaints-all-data
CDC WONDER: Cancer Statistics,https://catalog.data.gov/dataset/cdc-wonder-cancer-statistics
Restructured BETOS Classification System,https://catalog.data.gov/dataset/restructured-betos-classification-system
Iowa Probation Revocations,https://catalog.data.gov/dataset/iowa-probation-revocations
SNOMED CT,https://catalog.data.gov/dataset/snomed-ct
"National Survey of Adolescents in the United States, 1995",https://catalog.data.gov/dataset/national-survey-of-adolescents-in-the-united-states-1995-fdce8
"USGS National Transportation Dataset (NTD) Downloadable Data
                    Collection",https://catalog.data.gov/dataset/usgs-national-transportation-dataset-ntd-downloadable-data-collection-ff7b9
"U.S. General Soil Map (STATSGO2)

            NGDA",https://catalog.data.gov/dataset/u-s-general-soil-map-statsgo2
C-MAPSS Aircraft Engine Simulator Data,https://catalog.data.gov/dataset/c-mapss-aircraft-engine-simulator-data
Traffic Volume Counts,https://catalog.data.gov/dataset/traffic-volume-counts
ZIP Code Population Weighted Centroids,https://catalog.data.gov/dataset/zip-code-population-weighted-centroids
"Large Scale International Boundaries

            NGDA",https://catalog.data.gov/dataset/large-scale-international-boundaries
Social Media Channels and Statistics at the National Archives,https://catalog.data.gov/dataset/social-media-channels-and-statistics-at-the-national-archives
Electricity Data and Statistics Application Programming Interface (API),https://catalog.data.gov/dataset/electricity-data-and-statistics-application-programming-interface-api
Third Generation Simulation Data (TGSIM) I-395 Trajectories,https://catalog.data.gov/dataset/third-generation-simulation-data-tgsim-i-395-trajectories
Pittsburgh American Community Survey 2014 - Miscellaneous Data,https://catalog.data.gov/dataset/pittsburgh-american-community-survey-2014-miscellaneous-data
MTA Workplace Violence Penal Law Incidents: Beginning 2019,https://catalog.data.gov/dataset/mta-subway-and-bus-employee-assaults-and-harassments-beginning-2019
SuperTracker - source code and foods database,https://catalog.data.gov/dataset/supertracker-source-code-and-foods-database
HUD Program Income Limits,https://catalog.data.gov/dataset/hud-program-income-limits
"USFWS National Wetlands Inventory

            NGDA",https://catalog.data.gov/dataset/usfws-national-wetlands-inventory
"National Hydrography Dataset (NHD) - USGS National Map Downloadable Data Collection

            NGDA",https://catalog.data.gov/dataset/national-hydrography-dataset-nhd-usgs-national-map-downloadable-data-collection
"Consumer Airfare Report: Table 2 - Top 1,000 City-Pair Markets",https://catalog.data.gov/dataset/consumer-airfare-report-table-2-top-1000-city-pair-markets
The National Artificial Intelligence Research And Development Strategic Plan,https://catalog.data.gov/dataset/the-national-artificial-intelligence-research-and-development-strategic-plan
Federal Agency Bureau Codes,https://catalog.data.gov/dataset/federal-agency-bureau-codes
NYPD Arrests Data (Historic),https://catalog.data.gov/dataset/nypd-arrests-data-historic
SPD Crime Data: 2008-Present,https://catalog.data.gov/dataset/spd-crime-data-2008-present-c0edb
Electric Vehicle Charging Stations,https://catalog.data.gov/dataset/electric-vehicle-charging-stations-dc120
"TIGER/Line Shapefile, 2019, 2010 nation, U.S., 2010 Census 5-Digit ZIP Code Tabulation Area (ZCTA5) National",https://catalog.data.gov/dataset/tiger-line-shapefile-2019-2010-nation-u-s-2010-census-5-digit-zip-code-tabulation-area-zcta5-na
Crime Data from 2010 to 2019,https://catalog.data.gov/dataset/crime-data-from-2010-to-2019
DOHMH New York City Restaurant Inspection Results,https://catalog.data.gov/dataset/dohmh-new-york-city-restaurant-inspection-results
"NOAA NEXt-Generation RADar (NEXRAD) Products

            NGDA",https://catalog.data.gov/dataset/noaa-next-generation-radar-nexrad-products2
FSIS - FoodKeeper Data,https://catalog.data.gov/dataset/fsis-foodkeeper-data
Daily Treasury Statement (DTS),https://catalog.data.gov/dataset/daily-treasury-statement-dts
Great Lakes Environmental Database (GLENDA),https://catalog.data.gov/dataset/great-lakes-environmental-database-glenda
"Biodiversity by County - Distribution of Animals, Plants and Natural Communities",https://catalog.data.gov/dataset/biodiversity-by-county-distribution-of-animals-plants-and-natural-communities
Money Services Business (MSB) Registrant Search,https://catalog.data.gov/dataset/money-services-business-msb-registrant-search
"PLACES: County Data (GIS Friendly Format), 2020 release",https://catalog.data.gov/dataset/places-county-data-gis-friendly-format-2020-release-4ae28
H-1B,https://catalog.data.gov/dataset/h-1b
Motor Vehicle Collisions - Vehicles,https://catalog.data.gov/dataset/motor-vehicle-collisions-vehicles
Interest Rate Statistics - Daily Treasury Yield Curve Rates,https://catalog.data.gov/dataset/interest-rate-statistics-daily-treasury-yield-curve-rates
10-m Lidar Digital Elevation Model (meters),https://catalog.data.gov/dataset/10-m-lidar-digital-elevation-model-meters
Chicago Traffic Tracker - Congestion Estimates by Segments,https://catalog.data.gov/dataset/chicago-traffic-tracker-congestion-estimates-by-segments
"Age-by-Race Specific Crime Rates, 1965-1985:  [United States]",https://catalog.data.gov/dataset/age-by-race-specific-crime-rates-1965-1985-united-states-b16aa
Metropolitan Area Look-Up,https://catalog.data.gov/dataset/metropolitan-area-look-up
1940 Census: Official 1940 Census Website,https://catalog.data.gov/dataset/1940-census-official-1940-census-website
Nursing Home Compare,https://catalog.data.gov/dataset/nursing-home-compare-ed7b0
Commercial and Residential Hourly Load Profiles for all TMY3 Locations in the United States,https://catalog.data.gov/dataset/commercial-and-residential-hourly-load-profiles-for-all-tmy3-locations-in-the-united-state-bbc75
Study of Womens Health Across the Nation (SWAN) Public Use Data,https://catalog.data.gov/dataset/study-of-womens-health-across-the-nation-swan-public-use-data
MedPix,https://catalog.data.gov/dataset/medpix
Solar Footprints in California,https://catalog.data.gov/dataset/solar-footprints-in-california-6251a
Traffic Collision Data from 2010 to Present,https://catalog.data.gov/dataset/traffic-collision-data-from-2010-to-present
Employee Payroll Data (FMPS Payroll Costing),https://catalog.data.gov/dataset/employee-payroll-data-fmps-payroll-costing
Steel Import Monitoring and Analysis System (SIMA),https://catalog.data.gov/dataset/steel-import-monitoring-and-analysis-system-sima
"Arsenic Concentrations in Drinking Water from Community Water Systems and Associations with Bladder, Colorectal, and Kidney Cancers, Accounting for Population Served",https://catalog.data.gov/dataset/arsenic-concentrations-in-drinking-water-from-community-water-systems-and-associations-wit
NCHS - Births and General Fertility Rates: United States,https://catalog.data.gov/dataset/nchs-births-and-general-fertility-rates-united-states
2020 Presidential General Election Results,https://catalog.data.gov/dataset/2020-presidential-general-election-results
"Composition of Foods Raw, Processed, Prepared USDA National Nutrient Database for Standard Reference, Release 28",https://catalog.data.gov/dataset/composition-of-foods-raw-processed-prepared-usda-national-nutrient-database-for-standard-r-958ed
State Energy Data System (SEDS),https://catalog.data.gov/dataset/state-energy-data-system-seds
Sales Tax Collections by State,https://catalog.data.gov/dataset/sales-tax-collections-by-state
RxNorm,https://catalog.data.gov/dataset/rxnorm-3180d
Retail Food Stores,https://catalog.data.gov/dataset/retail-food-stores
U.S. Monthly Climate Normals (1981-2010),https://catalog.data.gov/dataset/u-s-monthly-climate-normals-1981-20101
Rural-Urban Commuting Area Codes,https://catalog.data.gov/dataset/rural-urban-commuting-area-codes
Institutions on Heightened Cash Monitoring,https://catalog.data.gov/dataset/institutions-on-heightened-cash-monitoring
Approved Debt Relief by State,https://catalog.data.gov/dataset/approved-debt-relief-by-state-3224c
Power Outages - Zipcode,https://catalog.data.gov/dataset/power-outages-zipcode
NIJ's Recidivism Challenge Full Dataset,https://catalog.data.gov/dataset/nijs-recidivism-challenge-full-dataset
"Sea Level Trends: Sea Level Variations of the United States Derived from National Water Level Observation Network Stations

            NGDA",https://catalog.data.gov/dataset/sea-level-trends-sea-level-variations-of-the-united-states-derived-from-national-water-level-ob1
U.S. Overseas Loans and Grants (Greenbook),https://catalog.data.gov/dataset/u-s-overseas-loans-and-grants-greenbook
Corporate Registration,https://catalog.data.gov/dataset/corporate-registration
"Current Employee Names, Salaries, and Position Titles",https://catalog.data.gov/dataset/current-employee-names-salaries-and-position-titles
"TIGER/Line Shapefile, 2023, County, Los Angeles County, CA, Topological Faces (Polygons With All Geocodes)",https://catalog.data.gov/dataset/tiger-line-shapefile-2023-county-los-angeles-county-ca-topological-faces-polygons-with-all-geoc
"TIGER/Line Shapefile, 2020, Nation, U.S., 2020 Census Urban Area",https://catalog.data.gov/dataset/tiger-line-shapefile-2020-nation-u-s-2020-census-urban-area
U.S. Electric Utility Companies and Rates: Look-up by Zipcode (2022),https://catalog.data.gov/dataset/u-s-electric-utility-companies-and-rates-look-up-by-zipcode-2022
National Drug Code Directory,https://catalog.data.gov/dataset/national-drug-code-directory
Water Quality Sampling Data,https://catalog.data.gov/dataset/water-quality-sampling-data
"Combined wildfire datasets for the United States and certain territories, 1800s-Present",https://catalog.data.gov/dataset/combined-wildfire-datasets-for-the-united-states-and-certain-territories-1800s-present
Voter Registration by Census Tract,https://catalog.data.gov/dataset/voter-registration-by-census-tract
"TIGER/Line Shapefile, Current, County, Los Angeles County, CA, All Roads",https://catalog.data.gov/dataset/tiger-line-shapefile-current-county-los-angeles-county-ca-all-roads
"U.S. Crude Oil, Natural Gas, and Natural Gas Liquids Reserves",https://catalog.data.gov/dataset/u-s-crude-oil-natural-gas-and-natural-gas-liquids-reserves
National Mental Health Services Survey (N-MHSS-2010),https://catalog.data.gov/dataset/national-mental-health-services-survey-n-mhss-2010
Photovoltaic Data Acquisition (PVDAQ) Public Datasets,https://catalog.data.gov/dataset/photovoltaic-data-acquisition-pvdaq-public-datasets
Medi-Span,https://catalog.data.gov/dataset/medi-span-2592d
Violence Reduction - Victim Demographics - Aggregated,https://catalog.data.gov/dataset/violence-reduction-victim-demographics-aggregated
"Redlining Maps from the Home Owners Loan Corporation, 1937",https://catalog.data.gov/dataset/redlining-maps-from-the-home-owners-loan-corporation-1937
Sustainable Materials Management (SMM) - Materials and Waste Management in the United States Key Facts and Figures,https://catalog.data.gov/dataset/sustainable-materials-management-smm-materials-and-waste-management-in-the-united-states-key-fa12
Student Absenteeism,https://catalog.data.gov/dataset/student-absenteeism-b0fcc
Real Estate Across the United States (REXUS) Inventory (Building),https://catalog.data.gov/dataset/real-estate-across-the-united-states-rexus-inventory-building
"21st Century Corporate Financial Fraud, United States, 2005-2010",https://catalog.data.gov/dataset/21st-century-corporate-financial-fraud-united-states-2005-2010-22a9e
Public Airports,https://catalog.data.gov/dataset/public-airports
Licensed and Certified Healthcare Facility Listing,https://catalog.data.gov/dataset/licensed-and-certified-healthcare-facility-listing-6e3f9
Supplemental Nutrition Assistance Program (SNAP) Data System,https://catalog.data.gov/dataset/supplemental-nutrition-assistance-program-snap-data-system
MyPyramid Food Raw Data,https://catalog.data.gov/dataset/mypyramid-food-raw-data
State Drug Utilization Data 2024,https://catalog.data.gov/dataset/state-drug-utilization-data-2024
Baton Rouge Police Crime Incidents,https://catalog.data.gov/dataset/baton-rouge-crime-incidents-e00e4
High School Electronic Smoking Device and Tobacco Use Prevalence,https://catalog.data.gov/dataset/high-school-electronic-smoking-device-and-tobacco-use-prevalence-d23f4
"USGS National Structures Dataset - USGS National Map Downloadable Data Collection

            NGDA",https://catalog.data.gov/dataset/usgs-national-structures-dataset-usgs-national-map-downloadable-data-collection
Tax Lien Sale Lists,https://catalog.data.gov/dataset/tax-lien-sale-lists
FTA Tariff Rates API,https://catalog.data.gov/dataset/fta-tariff-rates-api
Asthma Prevalence,https://catalog.data.gov/dataset/asthma-prevalence-6908c
PubChem,https://catalog.data.gov/dataset/pubchem-13cb9
"Hospital Emergency Department - Diagnosis, Procedure, and External Cause Codes",https://catalog.data.gov/dataset/hospital-emergency-department-diagnosis-procedure-and-external-cause-codes-4d347
"The EPA Automotive Trends Report: Greenhouse Gas Emissions, Fuel Economy, and Technology since 1975",https://catalog.data.gov/dataset/the-epa-automotive-trends-report-greenhouse-gas-emissions-fuel-economy-and-technology-sinc
Vehicle Registrations by Class and County,https://catalog.data.gov/dataset/vehicle-registrations-by-class-and-county
USDA Rural Development Resale Properties - Foreclosure,https://catalog.data.gov/dataset/usda-rural-development-resale-properties-foreclosure
Zip Codes,https://catalog.data.gov/dataset/zip-codes-9b9fd
"Chronic Wasting Disease distribution in the United States by state and county (ver. 2.0, April 2024)",https://catalog.data.gov/dataset/chronic-wasting-disease-distribution-in-the-united-states-by-state-and-county
Map of Arsenic concentrations in groundwater of the United States,https://catalog.data.gov/dataset/map-of-arsenic-concentrations-in-groundwater-of-the-united-states
Housing Affordability Data System (HADS),https://catalog.data.gov/dataset/housing-affordability-data-system-hads
2020 Census Tracts,https://catalog.data.gov/dataset/census-tracts
USAID Global Health Supply Chain Program - Procurement and Supply Management (GHSC-PSM) Health Commodity Delivery,https://catalog.data.gov/dataset/usaid-global-health-supply-chain-program-procurement-and-supply-management-ghsc-psm-health
"Watershed Boundary Dataset (WBD) - USGS National Map Downloadable Data Collection

            NGDA",https://catalog.data.gov/dataset/watershed-boundary-dataset-wbd-usgs-national-map-downloadable-data-collection
National Interagency Fire Occurrence Sixth Edition 1992-2020 (Feature Layer),https://catalog.data.gov/dataset/national-interagency-fire-occurrence-sixth-edition-1992-2020-feature-layer
"Collection
            
Fatality Analysis Reporting System ( FARS )",https://catalog.data.gov/dataset/fatality-analysis-reporting-system-fars
Austin Crash Report Data - Crash Level Records,https://catalog.data.gov/dataset/vision-zero-crash-report-data
5-Minute Surface Weather Observations from the Automated Surface Observing Systems (ASOS) Network,https://catalog.data.gov/dataset/5-minute-surface-weather-observations-from-the-automated-surface-observing-systems-asos-network
U.S. Department of Education Budget History,https://catalog.data.gov/dataset/u-s-department-of-education-budget-history
Purchase Order Quantity Price detail for Commodity/Goods procurements,https://catalog.data.gov/dataset/purchase-order-quantity-price-detail-for-commodity-goods-procurements
Indicators of Health Insurance Coverage at the Time of Interview,https://catalog.data.gov/dataset/indicators-of-health-insurance-coverage-at-the-time-of-interview
Transportation to Work,https://catalog.data.gov/dataset/transportation-to-work-5006f
Crowdfunding Offerings Data Sets,https://catalog.data.gov/dataset/crowdfunding-offerings-data-sets
Mental Health Readmission: 2014-2021,https://catalog.data.gov/dataset/mental-health-readmission-beginning-2014
Arrest Data from 2020 to Present,https://catalog.data.gov/dataset/arrest-data-from-2020-to-present
City Revenues and Expenses,https://catalog.data.gov/dataset/city-revenues-and-expenses
Vehicle Fuel Type Count by Zip Code,https://catalog.data.gov/dataset/vehicle-fuel-type-count-by-zip-code
"USDA National Nutrient Database for Standard Reference, Legacy Release",https://catalog.data.gov/dataset/usda-national-nutrient-database-for-standard-reference-legacy-release-d1570
Tax Exempt Organization Search,https://catalog.data.gov/dataset/tax-exempt-organization-search
Sex Offenders,https://catalog.data.gov/dataset/sex-offenders
USGS National Boundary Dataset (NBD) Downloadable Data Collection,https://catalog.data.gov/dataset/usgs-national-boundary-dataset-nbd-downloadable-data-collection-976ec
autism prevalence studies,https://catalog.data.gov/dataset/autism-prevalence-studies
Hospital Provider Cost Report,https://catalog.data.gov/dataset/hospital-provider-cost-report
"Fruit and Vegetable Consumption in California Residents, 2012/2013",https://catalog.data.gov/dataset/fruit-and-vegetable-consumption-in-california-residents-2012-2013-819a8
Crash Data,https://catalog.data.gov/dataset/crash-data
"Collection
            
NHTSA's Office of Defects Investigation (ODI) - Complaints",https://catalog.data.gov/dataset/nhtsas-office-of-defects-investigation-odi-complaints
"NOAA Raster Navigational Charts (RNC)

            NGDA",https://catalog.data.gov/dataset/noaa-raster-navigational-charts-rnc1
"Docked Bikeshare Ridership by System, Year, and Month",https://catalog.data.gov/dataset/docked-bikeshare-ridership-by-system-year-and-month
American Housing Survey (AHS),https://catalog.data.gov/dataset/american-housing-survey-ahs
Consumer Airfare Report: Table 1a - All U.S. Airport Pair Markets,https://catalog.data.gov/dataset/consumer-airfare-report-table-1a-all-u-s-airport-pair-markets
Fails-to-Deliver Data,https://catalog.data.gov/dataset/fails-to-deliver-data
SBA 7(a) and 504 Loan Data Reports,https://catalog.data.gov/dataset/sba-7a-and-504-loan-data-reports
CBP Customs Rulings Online Search System (CROSS),https://catalog.data.gov/dataset/cbp-customs-rulings-online-search-system-cross
Severe Weather Data Inventory (SWDI),https://catalog.data.gov/dataset/severe-weather-data-inventory-swdi2
Labor Condition Application for Nonimmigrant Workers (LCA)  Program Historical Data,https://catalog.data.gov/dataset/labor-condition-application-for-nonimmigrant-workers-lca-program-historical-data
Monthly Tourism Statistics: Outbound Travel by World Regions,https://catalog.data.gov/dataset/monthly-tourism-statistics-outbound-travel-by-world-regions-3bd0d
New York City Population By Neighborhood Tabulation Areas,https://catalog.data.gov/dataset/new-york-city-population-by-neighborhood-tabulation-areas
CDC WONDER: Births,https://catalog.data.gov/dataset/cdc-wonder-births-de22b
Real Estate Data,https://catalog.data.gov/dataset/real-estate-data
Provider of Services File - Hospital & Non-Hospital Facilities,https://catalog.data.gov/dataset/provider-of-services-file-hospital-non-hospital-facilities-f216f
State Tobacco Related Disparities Dashboard Data,https://catalog.data.gov/dataset/state-tobacco-related-disparities-dashboard-data
Consumer Credit,https://catalog.data.gov/dataset/consumer-credit
"TIGER/Line Shapefile, 2019,  nation, U.S., Coastline National Shapefile",https://catalog.data.gov/dataset/tiger-line-shapefile-2019-nation-u-s-coastline-national-shapefile
Housing Market Value Analysis 2021,https://catalog.data.gov/dataset/housing-market-value-analysis-2021
SSN Verification Service,https://catalog.data.gov/dataset/ssn-verification-service
Federal Real Property Profile Summary Data by Installation Name,https://catalog.data.gov/dataset/federal-real-property-profile-summary-data-by-installation-name-c9d9e
Animal Shelter Animals,https://catalog.data.gov/dataset/animal-shelter-animals-aa3c3
MTA Subway Stations and Complexes,https://catalog.data.gov/dataset/mta-subway-stations-and-complexes
Food Expenditure Series,https://catalog.data.gov/dataset/food-expenditure-series
ACRES - Brownfields Properties,https://catalog.data.gov/dataset/acres-brownfields-properties
2022_MusicCensus_Details,https://catalog.data.gov/dataset/2022-musiccensus-details
Final Report of the Asian American Quality of Life (AAQoL),https://catalog.data.gov/dataset/final-report-of-the-asian-american-quality-of-life-aaqol
National Incorporated Places and Counties,https://catalog.data.gov/dataset/national-incorporated-places-and-counties
Hospital Encounters for Homeless Patients,https://catalog.data.gov/dataset/hospital-encounters-for-homeless-patients-d6def
"Supporting data for ""Lee, S., Cherry, J., Safoutin, M., Neam, A., McDonald, J., Newman, K.  2018. Modeling and Controls Development of 48 V Mild Hybrid Electric Vehicles. SAE 2018-01-0413"" V1",https://catalog.data.gov/dataset/supporting-data-for-lee-s-cherry-j-safoutin-m-neam-a-mcdonald-j-newman-k-2018-modeling-and
National Greenhouse Gas Emission Inventory,https://catalog.data.gov/dataset/national-greenhouse-gas-emission-inventory
"Nutrition, Physical Activity, and Obesity - Women, Infant, and Child",https://catalog.data.gov/dataset/nutrition-physical-activity-and-obesity-women-infant-and-child
California Power Plants,https://catalog.data.gov/dataset/california-power-plants-b4c40
MTA Bridges & Tunnels Safety Indicators: Beginning 2018,https://catalog.data.gov/dataset/mta-bridges-tunnels-safety-indicators-beginning-2018
ASTEROID NAMES AND DISCOVERY V3.0,https://catalog.data.gov/dataset/asteroid-names-and-discovery-v3-0-0b1b1
Adults with Diabetes Per 100 (LGHC Indicator),https://catalog.data.gov/dataset/adults-with-diabetes-per-100-lghc-indicator-f3583
Austin Animal Center Outcomes,https://catalog.data.gov/dataset/austin-animal-center-outcomes
NCHS - Childhood Mortality Rates,https://catalog.data.gov/dataset/nchs-childhood-mortality-rates
Electricity Data: Plant Level Data Application Programming Interface (API),https://catalog.data.gov/dataset/electricity-data-plant-level-data-application-programming-interface-api
Farmers Markets Directory and Geographic Data,https://catalog.data.gov/dataset/farmers-markets-directory-and-geographic-data
"National Land Cover Database (NLCD) Land Cover Products

            NGDA",https://catalog.data.gov/dataset/national-land-cover-database-nlcd-2021-products
Renewable and Alternative Fuels Data and Statistics,https://catalog.data.gov/dataset/renewable-and-alternative-fuels-data-and-statistics
2015-16 Harassment or Bullying Estimations by Basis Category,https://catalog.data.gov/dataset/2015-16-harassment-or-bullying-estimations-by-basis-category-21514
Number of Cancer Surgeries (Volume) Performed in California Hospitals,https://catalog.data.gov/dataset/number-of-cancer-surgeries-volume-performed-in-california-hospitals-a3f18
Total tonnage of commodites carried on commercial waterways by traffic type,https://catalog.data.gov/dataset/total-tonnage-of-commodites-carried-on-commercial-waterways-by-traffic-type
School Data,https://catalog.data.gov/dataset/school-data-8e1c5
Quarterly Census of Employment and Wages (QCEW),https://catalog.data.gov/dataset/quarterly-census-of-employment-and-wages-qcew-a6fea
Adult Cigarette and Tobacco Use Prevalence,https://catalog.data.gov/dataset/adult-cigarette-and-tobacco-use-prevalence-feba5
CBP Port Codes,https://catalog.data.gov/dataset/cbp-port-codes
Water Consumption And Cost (2013 - Feb 2025),https://catalog.data.gov/dataset/water-consumption-and-cost-2013-2020
Building Footprints,https://catalog.data.gov/dataset/building-footprints-d97ff
U.S. Local Climatological Data (LCD),https://catalog.data.gov/dataset/u-s-local-climatological-data-lcd2
Clinical Investigator Inspector List (CLIIL),https://catalog.data.gov/dataset/clinical-investigator-inspector-list-cliil
Pregnancy-Associated Mortality,https://catalog.data.gov/dataset/pregnancy-associated-mortality
City Employee Earnings,https://catalog.data.gov/dataset/city-employee-earnings
NIST Tables of X-Ray Mass Energy-Absorption Coefficients and Mass Attenuation Coefficients - SRD 126,https://catalog.data.gov/dataset/nist-tables-of-x-ray-mass-energy-absorption-coefficients-and-mass-attenuation-coefficients-c74d9
Department of Transportation Inventory of Artificial Intelligence Use Cases,https://catalog.data.gov/dataset/department-of-transportation-inventory-of-artificial-intelligence-use-cases
Demographics,https://catalog.data.gov/dataset/demographics-0be32
Quarterly Retail Sales Tax Data by County and City,https://catalog.data.gov/dataset/quarterly-retail-sales-tax-data-by-county-and-city
BLM Natl MLRS Oil and Gas Leases,https://catalog.data.gov/dataset/blm-natl-mlrs-oil-and-gas-leases-c73da
"Estimates of lake nitrogen, phosphorus, and chlorophyll-a concentrations to characterize harmful algal bloom risk across the United States",https://catalog.data.gov/dataset/estimates-of-lake-nitrogen-phosphorus-and-chlorophyll-a-concentrations-to-characterize-har
COVID-19 Case Surveillance Public Use Data,https://catalog.data.gov/dataset/covid-19-case-surveillance-public-use-data
"NNDSS - Table II. Rabies, animal to Rubella, congenital syndrome",https://catalog.data.gov/dataset/nndss-table-ii-rabies-animal-to-rubella-congenital-syndrome-0bb1f
What We Eat In America (WWEIA) Database,https://catalog.data.gov/dataset/what-we-eat-in-america-wweia-database-f7f35
National Epidemiologic Survey on Alcohol and Related Conditions (NESARC) - III,https://catalog.data.gov/dataset/national-epidemiologic-survey-on-alcohol-and-related-conditions-nesarc-iii
"NOAA Global Surface Temperature Dataset (NOAAGlobalTemp), Version 6.0",https://catalog.data.gov/dataset/noaa-global-surface-temperature-dataset-noaaglobaltemp-version-6-0
"India Village-Level Geospatial Socio-Economic Data Set: 1991, 2001",https://catalog.data.gov/dataset/india-village-level-geospatial-socio-economic-data-set-1991-2001
Influenza Surveillance,https://catalog.data.gov/dataset/influenza-surveillance-aa972
TSCA Inventory,https://catalog.data.gov/dataset/tsca-inventory
"COVID-19 Vaccination and Case Trends by Age Group, United States",https://catalog.data.gov/dataset/covid-19-vaccination-and-case-trends-by-age-group-united-states-e81b4
Mars surface image (Curiosity rover) labeled data set version 1,https://catalog.data.gov/dataset/mars-surface-image-curiosity-rover-labeled-data-set-version-1
USAID Development Data Library (DDL) Referencing Data,https://catalog.data.gov/dataset/usaid-development-data-library-ddl-referencing-data
Connecticut Business Registry - Business Filing History,https://catalog.data.gov/dataset/connecticut-business-registry-business-filing-history
Childhood Chemical Exposures & ADHD,https://catalog.data.gov/dataset/childhood-chemical-exposures-adhd
"CBP List of of Port of Entries by Land, Air and Sea",https://catalog.data.gov/dataset/cbp-list-of-of-port-of-entries-by-land-air-and-sea
BSEE Data Center - Leasing Information,https://catalog.data.gov/dataset/bsee-data-center-leasing-information
Lunar Map Catalog,https://catalog.data.gov/dataset/lunar-map-catalog
Producer Price Index,https://catalog.data.gov/dataset/producer-price-index-89292
2024 Annual Technology Baseline (ATB) Cost and Performance Data for Electricity Generation Technologies,https://catalog.data.gov/dataset/2024-annual-technology-baseline-atb-cost-and-performance-data-for-electricity-generation-t
Cyber Crimes Center (C3),https://catalog.data.gov/dataset/cyber-crimes-center-c3
Occupational Outlook Handbook,https://catalog.data.gov/dataset/occupational-outlook-handbook-51009
Allegheny County Employee Salaries,https://catalog.data.gov/dataset/allegheny-county-employee-salaries
Jobs NYC Postings,https://catalog.data.gov/dataset/nyc-jobs
Global Coral Bleaching Database (NCEI Accession 0228498),https://catalog.data.gov/dataset/global-coral-bleaching-database-ncei-accession-0228498
Allegheny County 911 Dispatches - EMS and Fire,https://catalog.data.gov/dataset/allegheny-county-911-dispatches-ems-and-fire
"Census TIGER/Line - Roads

            NGDA",https://catalog.data.gov/dataset/census-tiger-line-roads1
North American Bird Banding Program Dataset 1960-2023 retrieved 2023-07-12,https://catalog.data.gov/dataset/north-american-bird-banding-program-dataset-1960-2023-retrieved-2023-07-12
Disability and Health Data System (DHDS),https://catalog.data.gov/dataset/disability-and-health-data-system-dhds
MTA Metro-North On-Time Performance: Beginning 2020,https://catalog.data.gov/dataset/mta-metro-north-on-time-performance-beginning-2020
Fireball And Bolide Reports,https://catalog.data.gov/dataset/fireball-and-bolide-reports
Food Waste Recycling Impact,https://catalog.data.gov/dataset/food-waste-recycling-impact
National Parks,https://catalog.data.gov/dataset/national-parks3
NYC Dog Licensing Dataset,https://catalog.data.gov/dataset/nyc-dog-licensing-dataset
Lithium Deposits in the United States,https://catalog.data.gov/dataset/lithium-deposits-in-the-united-states
"Vacation Rentals (Hotels, B&B, short-term rentals, etc.)",https://catalog.data.gov/dataset/vacation-rentals-hotels-bb-short-term-rentals-etc
"TIGER/Line Shapefile, Current, Nation, U.S., County and Equivalent Entities",https://catalog.data.gov/dataset/tiger-line-shapefile-current-nation-u-s-county-and-equivalent-entities
"School Attendance by Student Group and District, 2021-2022",https://catalog.data.gov/dataset/school-attendance-by-student-group-and-district-2021-2022
"U.S. Food Waste Flows Between Sectors, 2018 v1.3.2",https://catalog.data.gov/dataset/u-s-food-waste-flows-between-sectors-2018-v1-3-2
Mercury Concentrations in Resident Lake Fish Sampled from Lake Clark National Park and Preserve in 2019 and 2020,https://catalog.data.gov/dataset/mercury-concentrations-in-resident-lake-fish-sampled-from-lake-clark-national-park-and-pre
Removals,https://catalog.data.gov/dataset/removals
Heat Vulnerability Index Rankings,https://catalog.data.gov/dataset/heat-vulnerability-index-rankings
"Protected Areas Database of the United States (PAD-US)

            NGDA",https://catalog.data.gov/dataset/protected-areas-database-of-the-united-states-pad-us
"Collection
            
Annual Electricity Price by State",https://catalog.data.gov/dataset/annual-electricity-price-by-state
FHFA House Price Indexes (HPIs),https://catalog.data.gov/dataset/fhfa-house-price-indexes-hpis-948c6
FHA Approved Appraisers,https://catalog.data.gov/dataset/fha-approved-appraisers
"FS National Forests Dataset (US Forest Service Proclaimed Forests)

            NGDA",https://catalog.data.gov/dataset/fs-national-forests-dataset-us-forest-service-proclaimed-forests-2c16c
Hotels,https://catalog.data.gov/dataset/hotels
Local Weather Archive,https://catalog.data.gov/dataset/local-weather-archive
Species of Greatest Conservation Need National Database,https://catalog.data.gov/dataset/species-of-greatest-conservation-need-national-database
Landsat 8,https://catalog.data.gov/dataset/landsat-8
CLEAR,https://catalog.data.gov/dataset/clear
Yellowstone National Park Tract and Boundary Data,https://catalog.data.gov/dataset/yellowstone-national-park-tract-and-boundary-data
Permanent Employment Certification (PERM) Program Historical Data,https://catalog.data.gov/dataset/permanent-employment-certification-perm-program-historical-data
LiverTox,https://catalog.data.gov/dataset/livertox
Percent Change in Consumer Spending,https://catalog.data.gov/dataset/percent-change-in-consumer-spending-january-2020-through-the-present
"TIGER/Line Shapefile, Current, State, California, 2020 Census Block",https://catalog.data.gov/dataset/tiger-line-shapefile-current-state-california-2020-census-block
NOAA Next Generation Radar (NEXRAD) Level 2 Base Data,https://catalog.data.gov/dataset/noaa-next-generation-radar-nexrad-level-2-base-data2
NYPD Hate Crimes,https://catalog.data.gov/dataset/nypd-hate-crimes
"August 1976 Moro Gulf, Philippines Images",https://catalog.data.gov/dataset/august-1976-moro-gulf-philippines-images2
T-100 Domestic Market and Segment Data,https://catalog.data.gov/dataset/t-100-domestic-market-and-segment-data1
Evictions,https://catalog.data.gov/dataset/evictions
Type 2 Diabetes,https://catalog.data.gov/dataset/type-2-diabetes
Telemedicine Use in the Last 4 Weeks,https://catalog.data.gov/dataset/telemedicine-use-in-the-last-4-weeks-5229c
CDPH Mental Health Resources,https://catalog.data.gov/dataset/cdph-mental-health-resources-98cd8
"Collection
            
Work Schedules and Sleep Patterns of Railroad Employees",https://catalog.data.gov/dataset/work-schedules-and-sleep-patterns-of-railroad-employees
Poverty and Employment Status - Seattle Neighborhoods,https://catalog.data.gov/dataset/poverty-and-employment-status-seattle-neighborhoods
World Magnetic Model High Resolution 2025,https://catalog.data.gov/dataset/world-magnetic-model-high-resolution-20251
Crimes - One year prior to present,https://catalog.data.gov/dataset/crimes-one-year-prior-to-present
"Collection
            
Federal Railroad Administration GIS Web Mapping Application",https://catalog.data.gov/dataset/federal-railroad-administration-gis-web-mapping-application
U.S. 15 Minute Precipitation Data,https://catalog.data.gov/dataset/u-s-15-minute-precipitation-data3
WaveWatch III (WW3) Global Wave Model,https://catalog.data.gov/dataset/wavewatch-iii-ww3-global-wave-model
2011-12 Estimations for Enrollment Civil Rights Data Collection,https://catalog.data.gov/dataset/2011-12-estimations-for-enrollment-civil-rights-data-collection
TREC 2022 Clinical Trials Dataset,https://catalog.data.gov/dataset/trec-2022-clinical-trials-dataset
Fair Market Rents lookup tool,https://catalog.data.gov/dataset/fair-market-rents-for-the-section-8-housing-assistance-payments-program
Registered Farm Labor Contractor Listing,https://catalog.data.gov/dataset/registered-farm-labor-contractor-listing-5cd50
IMS Bearings,https://catalog.data.gov/dataset/ims-bearings
Selected Online Sport Wagering Data,https://catalog.data.gov/dataset/selected-online-sport-wagering-data
"Visits to physician offices, hospital outpatient departments, and hospital emergency departments, by age, sex, and race: United States",https://catalog.data.gov/dataset/visits-to-physician-offices-hospital-outpatient-departments-and-hospital-emergency-departm-6ef16
Methicillin-resistant Staphylococcus aureus (MRSA) bloodstream infections (BSI) in California Hospitals,https://catalog.data.gov/dataset/methicillin-resistant-staphylococcus-aureus-mrsa-bloodstream-infections-bsi-in-california--cf5ab
Water quality data,https://catalog.data.gov/dataset/water-quality-data-56041
Resident Assessment Instrument/Minimum Data Set (RAI/MDS),https://catalog.data.gov/dataset/resident-assessment-instrument-minimum-data-set-rai-mds
Website Analytics,https://catalog.data.gov/dataset/website-analytics-89ba5
Subcontracting Directory for Small Businesses,https://catalog.data.gov/dataset/subcontracting-directory-for-small-businesses
Cobalt Deposits in the United States,https://catalog.data.gov/dataset/cobalt-deposits-in-the-united-states
U.S. Steel Import Monitor,https://catalog.data.gov/dataset/u-s-steel-import-monitor
National Mine Map Repository Mine Locations,https://catalog.data.gov/dataset/national-mine-map-repository-mine-locations
Public School Characteristics - Current,https://catalog.data.gov/dataset/public-school-characteristics-current-340b1
Proportion of Adults Who Are Current Smokers (LGHC Indicator),https://catalog.data.gov/dataset/proportion-of-adults-who-are-current-smokers-lghc-indicator-484c3
Free Wi-Fi Locations,https://catalog.data.gov/dataset/free-wi-fi-locations
"Wildfire Hazard Potential, Version 2023 Continuous (Image Service)",https://catalog.data.gov/dataset/wildfire-hazard-potential-version-2023-continuous-image-service
Provisional COVID-19 Death Counts by Week Ending Date and State,https://catalog.data.gov/dataset/provisional-covid-19-death-counts-by-week-ending-date-and-state
ClinicalTrials.gov,https://catalog.data.gov/dataset/clinicaltrials-gov-47039
Listing of All Businesses,https://catalog.data.gov/dataset/listing-of-all-businesses
Hypertension,https://catalog.data.gov/dataset/hypertension
"State Firearm Law Database: State Firearm Laws, 1991-2019",https://catalog.data.gov/dataset/state-firearm-law-database-state-firearm-laws-1991-2019-e2e9d
United States Stateplane Zones - NAD83,https://catalog.data.gov/dataset/united-states-stateplane-zones-nad83
Livestock & Meat Domestic Data,https://catalog.data.gov/dataset/livestock-meat-domestic-data
Electric Vehicle Registration Data,https://catalog.data.gov/dataset/electric-vehicle-registration-data
Liquor Brands,https://catalog.data.gov/dataset/liquor-brands
Medicare Provider and Supplier Taxonomy Crosswalk,https://catalog.data.gov/dataset/medicare-provider-and-supplier-taxonomy-crosswalk-368b9
"Licensed Drivers, by state, sex, and age group",https://catalog.data.gov/dataset/licensed-drivers-by-state-gender-and-age-group
Consumption & Efficiency Data and Statistics,https://catalog.data.gov/dataset/consumption-efficiency-data-and-statistics
"Health, United States",https://catalog.data.gov/dataset/health-united-states-e04e6
Purchase Orders and Contracts,https://catalog.data.gov/dataset/purchase-orders-and-contracts
Crime,https://catalog.data.gov/dataset/crime
Sol Genomics Network (SGN),https://catalog.data.gov/dataset/sol-genomics-network-sgn-bab55
Washington State Cities and Counties,https://catalog.data.gov/dataset/washington-state-cities-and-counties
"Continuous Water Quality Monitoring Dataset from Tillamook Bay, OR; 2017-2023",https://catalog.data.gov/dataset/continuous-water-quality-monitoring-dataset-from-tillamook-bay-or-2017-2023
Carrier,https://catalog.data.gov/dataset/carrier
Lease Documents,https://catalog.data.gov/dataset/lease-documents
2012-2022 State-Level Greenhouse Gas Emission Totals by Industry,https://catalog.data.gov/dataset/2012-2022-state-level-greenhouse-gas-emission-totals-by-industry
"Population Estimates: Estimates by Age Group, Sex, Race, and Hispanic Origin",https://catalog.data.gov/dataset/population-estimates-estimates-by-age-group-sex-race-and-hispanic-origin
"Civil Rights Data Collection, 2013-14",https://catalog.data.gov/dataset/civil-rights-data-collection-2013-14-59e0e
Arrest Data,https://catalog.data.gov/dataset/arrest-data
Farm Programs Payments,https://catalog.data.gov/dataset/farm-programs-payments
2020 Yellow Taxi Trip Data,https://catalog.data.gov/dataset/2020-yellow-taxi-trip-data-january-june
Position Description Library,https://catalog.data.gov/dataset/position-description-library
Annual Personal Consumption Expenditures for State of Iowa,https://catalog.data.gov/dataset/annual-personal-consumption-expenditures-for-state-of-iowa
FAIN,https://catalog.data.gov/dataset/fain
"Collection
            
Vehicle Crash Test Database",https://catalog.data.gov/dataset/vehicle-crash-test-database
Electric Power Substations,https://catalog.data.gov/dataset/electric-power-substations2
Transportation and Health Tool - Data,https://catalog.data.gov/dataset/transportation-and-health-tool-data
TRACI Spatial Eutrophication Characterization Factors_2020-10,https://catalog.data.gov/dataset/traci-spatial-eutrophication-characterization-factors-2020-10
"Obesity in California, 2012 and 2013",https://catalog.data.gov/dataset/obesity-in-california-2012-and-2013-428b6
"Provisional COVID-19 death counts and rates by month, jurisdiction of residence, and demographic characteristics",https://catalog.data.gov/dataset/provisional-covid-19-death-counts-and-rates-by-month-jurisdiction-of-residence-and-demogra
EBR Building Permits,https://catalog.data.gov/dataset/ebr-building-permits
"Neighborhoods, US, 2017, Zillow, SEGS",https://catalog.data.gov/dataset/neighborhoods-us-2017-zillow-segs10
Amtrak Stations,https://catalog.data.gov/dataset/amtrak-stations2
"Runways

            NGDA",https://catalog.data.gov/dataset/runways2
NIST Reference Fluid Thermodynamic and Transport Properties Database (REFPROP) Version 10 - SRD 23,https://catalog.data.gov/dataset/nist-reference-fluid-thermodynamic-and-transport-properties-database-refprop-version-10-sr-bf7e2
AIS data,https://catalog.data.gov/dataset/ais-data2
Health Information National Trends Survey (HINTS),https://catalog.data.gov/dataset/health-information-national-trends-survey-hints
BUTTER-E - Energy Consumption Data for the BUTTER Empirical Deep Learning Dataset,https://catalog.data.gov/dataset/butter-e-energy-consumption-data-for-the-butter-empirical-deep-learning-dataset
Corporations and Other Entities: All Filings,https://catalog.data.gov/dataset/corporations-and-other-entities-all-filings
Time Series International Trade: Monthly U.S. Imports by Harmonized System (HS) Code,https://catalog.data.gov/dataset/time-series-international-trade-monthly-u-s-imports-by-harmonized-system-hs-code
Grocery Stores,https://catalog.data.gov/dataset/grocery-stores-fb200
"TIGER/Line Shapefile, 2023, Nation, U.S., International Boundaries (national)",https://catalog.data.gov/dataset/tiger-line-shapefile-2023-nation-u-s-international-boundaries-national
Surficial geology of Africa (geo7_2ag),https://catalog.data.gov/dataset/surficial-geology-of-africa-geo7-2ag
Hazardous Waste/IGD: EF_RCRA,https://catalog.data.gov/dataset/hazardous-waste-igd-ef_rcra10
DC Crime Cards,https://catalog.data.gov/dataset/dc-crime-cards
"National Address Database (NAD)

            NGDA",https://catalog.data.gov/dataset/national-address-database-nad2
"COVID-19 Cases, Tests, and Deaths by ZIP Code - Historical",https://catalog.data.gov/dataset/covid-19-cases-tests-and-deaths-by-zip-code
King County Parcel Viewer,https://catalog.data.gov/dataset/king-county-parcel-viewer
Federal Item Name Directory (H6) Search Tool,https://catalog.data.gov/dataset/federal-item-name-directory-h6-search-tool
Harmonized Tariff Schedule of the United States (2020),https://catalog.data.gov/dataset/harmonized-tariff-schedule-of-the-united-states-2020
Species Distribution: Tiger Shark - Hawaii,https://catalog.data.gov/dataset/species-distribution-tiger-shark-hawaii
Medicare Telehealth Trends,https://catalog.data.gov/dataset/medicare-telemedicine-snapshot
Legacy Purchase Orders,https://catalog.data.gov/dataset/legacy-purchase-orders
Data from: Crop- and weather-dependent yield and wind erosion benefits from a conservation practices system,https://catalog.data.gov/dataset/data-from-crop-and-weather-dependent-yield-and-wind-erosion-benefits-from-a-conservation-p
"Cardiovascular Disease Death Rates, Trends, and Excess Death Rates Among US Adults (35+) by County and Age Group – 2010-2020",https://catalog.data.gov/dataset/cardiovascular-disease-death-rates-trends-and-excess-death-rates-among-us-adults-35-b-2010
Utah FORGE: Well 16A(78)-32 Drilling Data,https://catalog.data.gov/dataset/utah-forge-well-16a78-32-drilling-data-868c2
FHEO - Fair Housing Act Cases Filed by Year and State,https://catalog.data.gov/dataset/fair-housing-act-cases-filed-by-year-and-state
National Database for Clinical Trials Related to Mental Illness (NDCT),https://catalog.data.gov/dataset/national-database-for-clinical-trials-related-to-mental-illness-ndct
"Collection
            
Code of Federal Regulations in XML",https://catalog.data.gov/dataset/code-of-federal-regulations-in-xml
"Airfoil Computational Fluid Dynamics - 2k shapes, 25 AoA's, 3 Re numbers",https://catalog.data.gov/dataset/airfoil-computational-fluid-dynamics-2k-shapes-25-aoas-3-re-numbers
"Collection
            
Federal Court Cases: Integrated Database Series",https://catalog.data.gov/dataset/federal-court-cases-integrated-database-series-34e8a
"Medicare Durable Medical Equipment, Devices & Supplies - by Referring Provider and Service",https://catalog.data.gov/dataset/medicare-durable-medical-equipment-devices-supplies-by-referring-provider-and-service-7aeab
Superior Court Clerk - Records Access Portal,https://catalog.data.gov/dataset/superior-court-clerk-records-access-portal
Clean Air Status and Trends Network (CASTNET) Download Data Module,https://catalog.data.gov/dataset/clean-air-status-and-trends-network-castnet-download-data-module
Population Estimates: Population Estimates,https://catalog.data.gov/dataset/population-estimates-population-estimates-a5305
Medicare Physician & Other Practitioners - by Provider,https://catalog.data.gov/dataset/medicare-physician-other-practitioners-by-provider-b297e
Public School Locations 2021-22,https://catalog.data.gov/dataset/public-school-locations-2021-22-5a116
"Survey of Gun Owners in the United States, 1996",https://catalog.data.gov/dataset/survey-of-gun-owners-in-the-united-states-1996-6028b
2021 CEV Data: Current Population Survey Civic Engagement and Volunteering Supplement,https://catalog.data.gov/dataset/2021-cev-data-current-population-survey-civic-engagement-and-volunteering-supplement
Hazard Mitigation Assistance Projects,https://catalog.data.gov/dataset/hazard-mitigation-assistance-projects
NYPD Shooting Incident Data (Year To Date),https://catalog.data.gov/dataset/nypd-shooting-incident-data-year-to-date
Cannabis Retail Products Sold by Product Type,https://catalog.data.gov/dataset/cannabis-retail-products-sold-by-product-type
Bedrock geology of the Arabian Peninsula and selected adjacent areas (geo2bg),https://catalog.data.gov/dataset/bedrock-geology-of-the-arabian-peninsula-and-selected-adjacent-areas-geo2bg
"TIGER/Line Shapefile, 2022, State, New York, NY, Census Tract",https://catalog.data.gov/dataset/tiger-line-shapefile-2022-state-new-york-ny-census-tract
Business Owners,https://catalog.data.gov/dataset/business-owners
My Brother's Keeper Key Statistical Indicators on Boys and Men of Color,https://catalog.data.gov/dataset/my-brothers-keeper-key-statistical-indicators-on-boys-and-men-of-color-83d9e
GTW.D.4 - Employee attrition rate,https://catalog.data.gov/dataset/gtw-d-4-employee-attrition-rate-553c5
Geologic map of South Asia (geo8ag),https://catalog.data.gov/dataset/geologic-map-of-south-asia-geo8ag
Geography Lookup API - by Geography ID,https://catalog.data.gov/dataset/geography-lookup-api-by-geography-id
"Collection
            
State Traffic Safety Information",https://catalog.data.gov/dataset/state-traffic-safety-information
Open Data Website Traffic,https://catalog.data.gov/dataset/open-data-website-traffic
Pregnancy Risk Assessment Monitoring System (PRAMS),https://catalog.data.gov/dataset/pregnancy-risk-assessment-monitoring-system-prams
Summer Sports Experience: 2017 to 2021,https://catalog.data.gov/dataset/summer-sports-experience
"TIGER/Line Shapefile, 2021, State, California, Census Tracts",https://catalog.data.gov/dataset/tiger-line-shapefile-2021-state-california-census-tracts
Allegheny County Mortgage Foreclosure Records,https://catalog.data.gov/dataset/allegheny-county-mortgage-foreclosure-records
Daily Treasury Real Yield Curve Rates,https://catalog.data.gov/dataset/daily-treasury-real-yield-curve-rates
"TIGER/Line Shapefile, 2021, Nation, U.S., Counties and Equivalent Entities",https://catalog.data.gov/dataset/tiger-line-shapefile-2021-nation-u-s-counties-and-equivalent-entities
Atlas of Rural and Small-Town America,https://catalog.data.gov/dataset/atlas-of-rural-and-small-town-america
Authorizations From 10/01/2006 Thru 9/30/2024,https://catalog.data.gov/dataset/authorizations-from-10-01-2006-thru-12-31-2022
NYC Building Energy and Water Data Disclosure for Local Law 84 (2022-Present),https://catalog.data.gov/dataset/nyc-building-energy-and-water-data-disclosure-for-local-law-84-2023-present
2022 Traffic Volume,https://catalog.data.gov/dataset/2022-traffic-volume
DYCD Runaway and Homeless Youth (RHY) Demographics and Services (Local Law 86),https://catalog.data.gov/dataset/dycd-runaway-and-homeless-youth-rhy-demographics-and-services-local-law-86
Electric Vehicle Title and Registration Activity,https://catalog.data.gov/dataset/electric-vehicle-title-and-registration-activity
Global Marine Microplastics Database 1972 to Present,https://catalog.data.gov/dataset/global-marine-microplastics-database-1972-to-present3
Emsi dataset,https://catalog.data.gov/dataset/emsi-dataset
NYC Stormwater Flood Maps,https://catalog.data.gov/dataset/nyc-stormwater-flood-maps
NCEI Standard Product: World Ocean Database (WOD),https://catalog.data.gov/dataset/ncei-standard-product-world-ocean-database-wod3
Postsecondary Education Participants System,https://catalog.data.gov/dataset/postsecondary-education-participants-system-a9084
"Fisheries Inventory, Trout Data, at Rocky Mountain National Park 2021-2022 - Open Format Dataset",https://catalog.data.gov/dataset/fisheries-inventory-trout-data-at-rocky-mountain-national-park-2021-2022-open-format-datas
USEEIO v1.1 - Matrices,https://catalog.data.gov/dataset/useeio-v1-1-matrices
PEPFAR Supply Chain Management System (SCMS) Delivery History,https://catalog.data.gov/dataset/pepfar-supply-chain-management-system-scms-delivery-history
VSRR Provisional Maternal Death Counts and Rates,https://catalog.data.gov/dataset/vsrr-provisional-maternal-death-counts
Project Management,https://catalog.data.gov/dataset/project-management
Hepatitis B & C Surveillance Registry,https://catalog.data.gov/dataset/hepatitis-b-c-surveillance-registry
U.S. Hourly Climate Normals (1981-2010),https://catalog.data.gov/dataset/u-s-hourly-climate-normals-1981-20101
"Food Wholesale and Retail, US and Territories, 2018, EPA Region 9",https://catalog.data.gov/dataset/food-wholesale-and-retail-us-and-territories-2018-epa-region-99
"1/3rd arc-second Digital Elevation Models (DEMs) - USGS National Map 3DEP
Downloadable Data Collection

            NGDA",https://catalog.data.gov/dataset/1-3rd-arc-second-digital-elevation-models-dems-usgs-national-map-3dep-downloadable-data-co
Meteorological Data (including visibility),https://catalog.data.gov/dataset/meteorological-data-including-visibility1
VSRR Provisional Drug Overdose Death Counts,https://catalog.data.gov/dataset/vsrr-provisional-drug-overdose-death-counts
US Census Annual Estimates of the Resident Population for Selected Age Groups by Sex for the United States,https://catalog.data.gov/dataset/us-census-annual-estimates-of-the-resident-population-for-selected-age-groups-by-sex-for-t
Housing Database,https://catalog.data.gov/dataset/housing-database
LAPD Calls for Service 2024 to Present,https://catalog.data.gov/dataset/lapd-calls-for-service-2024
State of Iowa Salary Book,https://catalog.data.gov/dataset/state-of-iowa-salary-book
Aquifers,https://catalog.data.gov/dataset/aquifers1
Birth Statistics,https://catalog.data.gov/dataset/birth-statistics-a76a6
"TIGER/Line Shapefile, 2016, nation, U.S., Current County and Equivalent National Shapefile",https://catalog.data.gov/dataset/tiger-line-shapefile-2016-nation-u-s-current-county-and-equivalent-national-shapefile
COVID-19 Cases and Deaths by Race/Ethnicity - ARCHIVE,https://catalog.data.gov/dataset/covid-19-cases-and-deaths-by-race-ethnicity
Childhood Asthma Healthcare Utilization,https://catalog.data.gov/dataset/childhood-asthma-healthcare-utilization
Influenza Vaccination Coverage for All Ages (6+ Months),https://catalog.data.gov/dataset/influenza-vaccination-coverage-for-all-ages-6-months-bbec0
National Survey on Drug Use and Health (NSDUH-2014),https://catalog.data.gov/dataset/national-survey-on-drug-use-and-health-nsduh-2014
"Texas Lottery® Sales by Fiscal Month/Year, Game and Retailer",https://catalog.data.gov/dataset/texas-lottery-sales-by-fiscal-month-year-game-and-retailer
"PLACES: Local Data for Better Health, County Data 2024 release",https://catalog.data.gov/dataset/places-local-data-for-better-health-county-data-2020-release-94305
Petroleum & Other Liquids Data and Statistics,https://catalog.data.gov/dataset/petroleum-other-liquids-data-and-statistics
Safety Pilot Model Deployment Data,https://catalog.data.gov/dataset/safety-pilot-model-deployment-data
LinkNYC Kiosk Locations,https://catalog.data.gov/dataset/linknyc-locations
Emergency Department Volume and Capacity,https://catalog.data.gov/dataset/emergency-department-volume-and-capacity
Connected Vehicle Pilot (CVP) Open Data,https://catalog.data.gov/dataset/connected-vehicle-pilot-cvp-open-data
NIST Chemical Kinetics Database,https://catalog.data.gov/dataset/nist-chemical-kinetics-database-bee86
MD iMAP: Maryland Property Data - Tax Map Grids,https://catalog.data.gov/dataset/md-imap-maryland-property-data-tax-map-grids
Uranium Location Database,https://catalog.data.gov/dataset/uranium-location-database
Residential Construction Permits by County,https://catalog.data.gov/dataset/residential-construction-permits-by-county
Drinking Water Maximum Contaminant Levels (MCLs),https://catalog.data.gov/dataset/drinking-water-maximum-contaminant-levels-mcls
"Temperature, ozone, and PM2.5 data for ""Associations Between Simulated Future Changes in Climate, Air Quality, and Human Health"" by Fann et al., 2021.",https://catalog.data.gov/dataset/temperature-ozone-and-pm2-5-data-for-associations-between-simulated-future-changes-in-clim
COVID-19 Vaccine Progress Dashboard Data by ZIP Code,https://catalog.data.gov/dataset/covid-19-vaccine-progress-dashboard-data-by-zip-code-edd80
Heart Disease Mortality Data Among US Adults (35+) by State/Territory and County – 2018-2020,https://catalog.data.gov/dataset/heart-disease-mortality-data-among-us-adults-35-by-state-territory-and-county-2018-2020-3a2b0
Travel and Tourism Satellite Account,https://catalog.data.gov/dataset/travel-and-tourism-satellite-account
Agency Identifier,https://catalog.data.gov/dataset/agency-identifier
"High-Resolution (1 Meter) Land Cover for 98 counties in West Virginia (2020), Virginia (2021), and Pennsylvania (2022); providing complete coverage for EPA Region 3 when combined with 2021 - 2022 Chesapeake Bay Program Land Use / Land Cover data.",https://catalog.data.gov/dataset/high-resolution-1-meter-land-cover-for-portions-of-u-s-environmental-protection-agency-epa
"EDFacts Graduates and Dropouts, 2017-18",https://catalog.data.gov/dataset/edfacts-graduates-and-dropouts-2017-18-e9b7c
Apartment Market Rent Prices by Census Tract,https://catalog.data.gov/dataset/apartment-market-rent-prices-by-census-tract
Pharmacy Locations,https://catalog.data.gov/dataset/pharmacy-locations
A New Index to Measure U.S. Financial Conditions,https://catalog.data.gov/dataset/a-new-index-to-measure-u-s-financial-conditions
Public Land Survey System Quarter Sections (Feature Layer),https://catalog.data.gov/dataset/public-land-survey-system-quarter-sections-feature-layer-e14be
Stream Fish Monitoring Data in Eastern Rivers and Mountains Network Parks (2022-2023) Data Package,https://catalog.data.gov/dataset/stream-fish-monitoring-data-in-eastern-rivers-and-mountains-network-parks-2022-2023-data-p
"TIGER/Line Shapefile, 2023, State, North Carolina, Primary and Secondary Roads",https://catalog.data.gov/dataset/tiger-line-shapefile-2023-state-north-carolina-primary-and-secondary-roads
Hawaii Clean Water Branch (CWB) Beach Water Quality Data,https://catalog.data.gov/dataset/hawaii-clean-water-branch-cwb-beach-water-quality-data
"TIGER/Line Shapefile, 2019,  nation, U.S., Rails National Shapefile",https://catalog.data.gov/dataset/tiger-line-shapefile-2019-nation-u-s-rails-national-shapefile
Dataset for Evaluation of Extreme Weather Impacts on Utility-Scale Photovoltaic Plant Performance in the United States,https://catalog.data.gov/dataset/dataset-for-evaluation-of-extreme-weather-impacts-on-utility-scale-photovoltaic-plant-perf
"2022 Cartographic Boundary File (SHP), Current Block Group for United States, 1:500,000",https://catalog.data.gov/dataset/2022-cartographic-boundary-file-shp-current-block-group-for-united-states-1-500000
Farm Income and Wealth Statistics,https://catalog.data.gov/dataset/farm-income-and-wealth-statistics
Study of prescription claims data and smoke exposure in children,https://catalog.data.gov/dataset/study-of-prescription-claims-data-and-smoke-exposure-in-children
Pittsburgh Police Arrest Data,https://catalog.data.gov/dataset/pittsburgh-police-arrest-data
Affordable Housing,https://catalog.data.gov/dataset/affordable-housing
SNAP Retail Locator,https://catalog.data.gov/dataset/snap-retail-locator
Neighborhood Food Retail,https://catalog.data.gov/dataset/neighborhood-food-retail
Public customer service operations records,https://catalog.data.gov/dataset/public-customer-service-operations-records-6f74b
Harmonized Tariff Schedule of the United States (2019),https://catalog.data.gov/dataset/harmonized-tariff-schedule-of-the-united-states-2019
"Lidar Point Cloud - USGS National Map 3DEP Downloadable Data Collection

            NGDA",https://catalog.data.gov/dataset/lidar-point-cloud-usgs-national-map-3dep-downloadable-data-collection
Debt to the Penny,https://catalog.data.gov/dataset/debt-to-the-penny
"COVID-19 Daily Rolling Average Case, Death, and Hospitalization Rates - Historical",https://catalog.data.gov/dataset/covid-19-daily-rolling-average-case-and-death-rates
Industrial Production and Capacity Utilization,https://catalog.data.gov/dataset/industrial-production-and-capacity-utilization
"TIGER/Line Shapefile, 2022, State, Puerto Rico, PR, County Subdivision",https://catalog.data.gov/dataset/tiger-line-shapefile-2022-state-puerto-rico-pr-county-subdivision
Arrests,https://catalog.data.gov/dataset/arrests
Section F1 Milk Sales,https://catalog.data.gov/dataset/section-f1-milk-sales-5b358
Climate History Extensions,https://catalog.data.gov/dataset/climate-history-extensions
"Production, Supply, and Distribution Database",https://catalog.data.gov/dataset/production-supply-and-distribution-database
"Collection
            
Freight Analysis Framework",https://catalog.data.gov/dataset/freight-analysis-framework
Average Residential Retail Propane Prices by Region: Beginning 1997,https://catalog.data.gov/dataset/average-residential-retail-propane-prices-by-region-beginning-1997-4888e
Monthly revenue of U.S. natural resources,https://catalog.data.gov/dataset/monthly-revenue-of-u-s-natural-resources
Census Tracts in 2020,https://catalog.data.gov/dataset/census-tracts-in-2020
"Collection
            
The Pedestrian Crash Data Study (PCDS)",https://catalog.data.gov/dataset/the-pedestrian-crash-data-study-pcds
Global Volcano Locations Database,https://catalog.data.gov/dataset/global-volcano-locations-database1
Crash Reporting - Incidents Data,https://catalog.data.gov/dataset/crash-reporting-incidents-data
Allegheny County Plumbers,https://catalog.data.gov/dataset/allegheny-county-plumbers
Shuttle Radar Topography Mission DTED Level 1 (3-arc second) Data (DTED-1),https://catalog.data.gov/dataset/shuttle-radar-topography-mission-dted-level-1-3-arc-second-data-dted-1
Data Breach Notifications Affecting Washington Residents (Personal Information Breakdown),https://catalog.data.gov/dataset/data-breach-notifications-affecting-washington-residents-personal-information-breakdown
National Greenhouse Gas Industry Attribution Model,https://catalog.data.gov/dataset/national-greenhouse-gas-industry-attribution-model
Soils Farmland Classification,https://catalog.data.gov/dataset/soils-farmland-classification-00a7f
Public Library Survey (PLS) 2022,https://catalog.data.gov/dataset/public-library-survey-pls-2022
"Forest Inventory and Analysis Database

            NGDA",https://catalog.data.gov/dataset/forest-inventory-and-analysis-database-a9cd7
Active Duty Marital Status,https://catalog.data.gov/dataset/active-duty-marital-status
NYPD Complaint Data Historic,https://catalog.data.gov/dataset/nypd-complaint-data-historic
Counties,https://catalog.data.gov/dataset/counties2
Coastal Digital Elevation Models (DEMs),https://catalog.data.gov/dataset/coastal-digital-elevation-models-dems1
Inventory Map Index 3,https://catalog.data.gov/dataset/inventory-map-index-3
Obesity Percentages,https://catalog.data.gov/dataset/obesity-percentages-090d2
Harmonized Tariff Schedule of the United States (2022),https://catalog.data.gov/dataset/harmonized-tariff-schedule-of-the-united-states-2022-e2058
Survey of Consumer Finances (SCF),https://catalog.data.gov/dataset/survey-of-consumer-finances-scf
Updating the Recession Risk and the Excess Bond Premium,https://catalog.data.gov/dataset/updating-the-recession-risk-and-the-excess-bond-premium
Periodical Cicada Broods (Feature Layer),https://catalog.data.gov/dataset/periodical-cicada-broods-feature-layer-455b1
"National Register of Historic Places

            NGDA",https://catalog.data.gov/dataset/national-register-of-historic-places-7eebd
2015-16 Retention Estimations by Grade,https://catalog.data.gov/dataset/2015-16-retention-estimations-by-grade-c11fa
Investigations Database System,https://catalog.data.gov/dataset/investigations-database-system
"Individuals, State and County Migration data",https://catalog.data.gov/dataset/migration-flow-data
Social Media and Online Usage to Improve the Customer Experience,https://catalog.data.gov/dataset/social-media-and-online-usage-to-improve-the-customer-experience
FDIC Summary of Deposits (SOD) Download File,https://catalog.data.gov/dataset/fdic-summary-of-deposits-sod-download-file
High-Resolution Floating Solar PV Data,https://catalog.data.gov/dataset/high-resolution-floating-solar-pv-data
ORMAP The Oregon Property Tax Map,https://catalog.data.gov/dataset/ormap-the-oregon-property-tax-map
"Aviation Facilities

            NGDA",https://catalog.data.gov/dataset/aviation-facilities1
Alternative Fueling Stations,https://catalog.data.gov/dataset/alternative-fueling-stations1
Hourly Energy Emission Factors for Electricity Generation in the United States,https://catalog.data.gov/dataset/hourly-energy-emission-factors-for-electricity-generation-in-the-united-states-00ec8
Estimates of Emergency Department Visits in the United States from 2016-2022,https://catalog.data.gov/dataset/estimates-of-emergency-department-visits-in-the-united-states-from-2016-2019-faa2a
"Homicides in New York City, 1797-1999 [And Various Historical Comparison Sites]",https://catalog.data.gov/dataset/homicides-in-new-york-city-1797-1999-and-various-historical-comparison-sites-f1e29
AMS Pasadena Precipitation Data,https://catalog.data.gov/dataset/ams-pasadena-precipitation-data
Pharmacies,https://catalog.data.gov/dataset/pharmacies
2012-2020 Greenhouse Gas National- and State-Level Emission Totals by Industry,https://catalog.data.gov/dataset/2012-2020-greenhouse-gas-national-and-state-level-emission-totals-by-industry
List of Government APIs,https://catalog.data.gov/dataset/list-of-government-apis
"NCSS Soil Characterization Database

            NGDA",https://catalog.data.gov/dataset/ncss-soil-characterization-database
"TIGER/Line Shapefile, 2023, State, New York, Primary and Secondary Roads",https://catalog.data.gov/dataset/tiger-line-shapefile-2023-state-new-york-primary-and-secondary-roads
Microplastic and Microparticle Data from Surface Water: San Francisco Bay and Adjacent Sanctuaries,https://catalog.data.gov/dataset/microplastic-and-microparticle-data-from-surface-water-san-francisco-bay-and-adjacent-sanc
"TIGER/Line Shapefile, 2023, County, Philadelphia County, PA, Topological Faces (Polygons With All Geocodes)",https://catalog.data.gov/dataset/tiger-line-shapefile-2023-county-philadelphia-county-pa-topological-faces-polygons-with-all-geo
National Survey of Family Growth,https://catalog.data.gov/dataset/national-survey-of-family-growth
Personnel Trends by Gender/Race,https://catalog.data.gov/dataset/personnel-trends-by-gender-race
California Counties,https://catalog.data.gov/dataset/california-counties-254c9
Current OCM Licenses,https://catalog.data.gov/dataset/current-ocm-licenses
"2023 Cartographic Boundary File (SHP), County and Equivalent for United States, 1:5,000,000",https://catalog.data.gov/dataset/2023-cartographic-boundary-file-shp-county-and-equivalent-for-united-states-1-5000000
NOAA Digital Coast Sea Level Rise and Coastal Flooding Impacts Viewer,https://catalog.data.gov/dataset/noaa-digital-coast-sea-level-rise-and-coastal-flooding-impacts-viewer1
Credit Card Agreements Database,https://catalog.data.gov/dataset/credit-card-agreements-database
Official Soil Series Descriptions (OSDs),https://catalog.data.gov/dataset/official-soil-series-descriptions-osds
Living Wage,https://catalog.data.gov/dataset/living-wage-72c58
"Collection
            
Uniform Tire Quality Grading System (UTQGS)",https://catalog.data.gov/dataset/uniform-tire-quality-grading-system-utqgs
"New York City Population by Borough, 1950 - 2040",https://catalog.data.gov/dataset/new-york-city-population-by-borough-1950-2040
"Plant List of Accepted Nomenclature, Taxonomy, and Symbols (PLANTS) Database",https://catalog.data.gov/dataset/plants
Drug Products in the Medicaid Drug Rebate Program,https://catalog.data.gov/dataset/drug-products-in-the-medicaid-drug-rebate-program-2933e
Lottery Cash 4 Life Winning Numbers: Beginning 2014,https://catalog.data.gov/dataset/lottery-cash-4-life-winning-numbers-beginning-2014
Access to Jobs and Workers via Transit - Download,https://catalog.data.gov/dataset/access-to-jobs-and-workers-via-transit-download8
Mortality Rates,https://catalog.data.gov/dataset/mortality-rates-6fb72
CDC WONDER: Mortality - Infant Deaths,https://catalog.data.gov/dataset/cdc-wonder-mortality-infant-deaths
EPA Facility Registry Service (FRS): Facility Interests Dataset Download,https://catalog.data.gov/dataset/epa-facility-registry-service-frs-facility-interests-dataset-download9
Asthma Emergency Department Visit Rates,https://catalog.data.gov/dataset/asthma-emergency-department-visit-rates-2b2fe
Citywide Payroll Data (Fiscal Year),https://catalog.data.gov/dataset/citywide-payroll-data-fiscal-year
"Air Quality System (AQS) Monitoring Network, EPA OAR OAQPS",https://catalog.data.gov/dataset/air-quality-system-aqs-monitoring-network-epa-oar-oaqps8
Tourism Information Centers,https://catalog.data.gov/dataset/tourism-information-centers
"Licensed Drivers by Sex and Age Groups, 1963 - 2023 (DL-220)",https://catalog.data.gov/dataset/licensed-drivers-by-sex-and-age-groups-1963-2023-dl-220
Missouri Active Alcohol License Data,https://catalog.data.gov/dataset/missouri-active-alcohol-license-data
2023-2024 Kindergarten Immunization Rates by School,https://catalog.data.gov/dataset/2020-2021-kindergarten-immunization-rates-by-school
Food Allergies,https://catalog.data.gov/dataset/food-allergies
Petroleum Data: Prices Application Programming Interface (API),https://catalog.data.gov/dataset/petroleum-data-prices-application-programming-interface-api
"TIGER/Line Shapefile, Current, State, Illinois, Census Tract",https://catalog.data.gov/dataset/tiger-line-shapefile-current-state-illinois-census-tract
2019 California Water Quality Status Report,https://catalog.data.gov/dataset/2019-california-water-quality-status-report
Restaurant and Market Health Inspections,https://catalog.data.gov/dataset/restaurant-and-market-health-inspections
Property Sale History,https://catalog.data.gov/dataset/property-sale-history
Database of Interacting Proteins (DIP),https://catalog.data.gov/dataset/database-of-interacting-proteins-dip
"2022 Cartographic Boundary File (SHP), Current Census Tract for United States, 1:500,000",https://catalog.data.gov/dataset/2022-cartographic-boundary-file-shp-current-census-tract-for-united-states-1-500000
Food Waste Management Life Cycle Inventory Tool v1.0.0,https://catalog.data.gov/dataset/food-waste-management-life-cycle-inventory-tool-v1-0-0
Download Data File,https://catalog.data.gov/dataset/download-data-file-dd639
Behavioral Risk Factor Surveillance System (BRFSS) Prevalence Data (2011 to present),https://catalog.data.gov/dataset/behavioral-risk-factor-surveillance-system-brfss-prevalence-data-2011-to-present
Effects of COVID-19 on Hospital Utilization Trends,https://catalog.data.gov/dataset/effects-of-covid-19-on-hospital-utilization-trends-636d2
United States Stage IV Quantitative Precipitation Archive,https://catalog.data.gov/dataset/united-states-stage-iv-quantitative-precipitation-archive-4466b
"Amending America: Proposed Amendments to the United States Constitution, 1787 to 2014",https://catalog.data.gov/dataset/amending-america-proposed-amendments-to-the-united-states-constitution-1787-to-2014
Bulk Download Facility,https://catalog.data.gov/dataset/bulk-download-facility
"TIGER/Line Shapefile, 2022, State, South Carolina, SC, County Subdivision",https://catalog.data.gov/dataset/tiger-line-shapefile-2022-state-south-carolina-sc-county-subdivision
Index Crimes by County and Agency: Beginning 1990,https://catalog.data.gov/dataset/index-crimes-by-county-and-agency-beginning-1990
Treasury Account Symbols,https://catalog.data.gov/dataset/treasury-account-symbols
EnviroAtlas -- Cyanobacteria Index for the Continental United States,https://catalog.data.gov/dataset/enviroatlas-cyanobacteria-index-for-the-continental-united-states3
"ADIS/I-94: Monthly, Quarterly, and Annual Visitror Arrivals (Volume)",https://catalog.data.gov/dataset/adis-i-94-monthly-quarterly-and-annual-visitror-arrivals-volume
"People Receiving Homeless Response Services by Age, Race, and Gender",https://catalog.data.gov/dataset/people-receiving-homeless-response-services-by-age-race-ethnicity-and-gender-b667d
Attorney General Consumer Complaints,https://catalog.data.gov/dataset/attorney-general-consumer-complaints
NHIS Adult Summary Health Statistics,https://catalog.data.gov/dataset/nhis-adult-summary-health-statistics-b5ce9
"PLACES: Local Data for Better Health, Place Data 2023 release",https://catalog.data.gov/dataset/places-local-data-for-better-health-place-data-2023-release
Taxonomy,https://catalog.data.gov/dataset/taxonomy
Utah FORGE: Well 56-32 Drilling Data and Logs,https://catalog.data.gov/dataset/utah-forge-well-56-32-drilling-data-and-logs-886e0
Immigration Court Operational Status Map,https://catalog.data.gov/dataset/immigration-court-operational-status-map
Elevation Map of Bangladesh (elev8bg),https://catalog.data.gov/dataset/elevation-map-of-bangladesh-elev8bg
HSR Merger Filings by Month,https://catalog.data.gov/dataset/hsr-merger-filings-by-month
NCHS - Age-adjusted Death Rates for Selected Major Causes of Death,https://catalog.data.gov/dataset/nchs-age-adjusted-death-rates-for-selected-major-causes-of-death
2013 FEMA Cross Sections,https://catalog.data.gov/dataset/2013-fema-cross-sections
Medicare Physician & Other Practitioners - by Provider and Service,https://catalog.data.gov/dataset/medicare-physician-other-practitioners-by-provider-and-service-b156e
NYSERDA Electric Vehicle Drive Clean Rebate Data: Beginning 2017,https://catalog.data.gov/dataset/nyserda-electric-vehicle-drive-clean-rebate-data-beginning-2017
"Gridded Soil Survey Geographic (gSSURGO-30) Database for the Conterminous United States - 30 meter

            NGDA",https://catalog.data.gov/dataset/gridded-soil-survey-geographic-gssurgo-30-database-for-the-conterminous-united-states-30-m
CDC Behavioral Risk Factor Surveillance System (BRFSS),https://catalog.data.gov/dataset/cdc-behavioral-risk-factor-surveillance-system-brfss
Artificial Intelligence and Cybersecurity: A Detailed Technical Workshop Report,https://catalog.data.gov/dataset/artificial-intelligence-and-cybersecurity-a-detailed-technical-workshop-report
"International Best Track Archive for Climate Stewardship (IBTrACS) Project, Version 4.01",https://catalog.data.gov/dataset/international-best-track-archive-for-climate-stewardship-ibtracs-project-version-4-01
Data from: Plant strategies for maximizing growth during drought and drought recovery in Solanum melongena L. (eggplant),https://catalog.data.gov/dataset/data-from-plant-strategies-for-maximizing-growth-during-drought-and-drought-recovery-in-so-98fae
"Healthcare Facilities, US and Territories, 2018, EPA Region 9",https://catalog.data.gov/dataset/healthcare-facilities-us-and-territories-2018-epa-region-98
Payroll Based Journal Daily Nurse Staffing,https://catalog.data.gov/dataset/payroll-based-journal-daily-nurse-staffing-94bbe
Publicly Reported State Municipal Solid Waste Data Version 1,https://catalog.data.gov/dataset/publicly-reported-state-municipal-solid-waste-data-version-1
Allegheny County Crash Data,https://catalog.data.gov/dataset/allegheny-county-crash-data
Restaurant Inspections,https://catalog.data.gov/dataset/restaurant-inspections
Hate Crime Incident (Open Data),https://catalog.data.gov/dataset/hate-crime-incident-open-data
National School Lunch Assistance Program Participation and Meals Served Data,https://catalog.data.gov/dataset/national-school-lunch-assistance-program-participation-and-meals-served-data
Lottery Daily Numbers/Win-4 Winning Numbers: Beginning 1980,https://catalog.data.gov/dataset/lottery-daily-numbers-win-4-winning-numbers-beginning-1980
MTA Subway Origin-Destination Ridership Estimate: Beginning 2025,https://catalog.data.gov/dataset/mta-subway-origin-destination-ridership-estimate-beginning-2025
EHR Products Used for Meaningful Use Attestation,https://catalog.data.gov/dataset/ehr-products-used-for-meaningful-use-attestation
Global Islands,https://catalog.data.gov/dataset/global-islands
Third Generation Simulation Data (TGSIM) I-90/I-94 Moving Trajectories,https://catalog.data.gov/dataset/third-generation-simulation-data-tgsim-i-90-i-94-moving-trajectories
Form 5500 FOIA Datasets,https://catalog.data.gov/dataset/form-5500-foia-datasets-3f9af
Computational Photography Project for Pill Identification (C3PI),https://catalog.data.gov/dataset/computational-photography-project-for-pill-identification-c3pi-82201
"USDA National Nutrient Database for Standard Reference Dataset for What We Eat In America, NHANES (Survey-SR)",https://catalog.data.gov/dataset/usda-national-nutrient-database-for-standard-reference-dataset-for-what-we-eat-in-america--37895
Unified Medical Language System (UMLS),https://catalog.data.gov/dataset/unified-medical-language-system-umls-a4a04
Consumer Sentinel Network Data Book CY 2019,https://catalog.data.gov/dataset/consumer-sentinel-network-data-book-cy-2019
USGS Spectral Library Version 7 Data,https://catalog.data.gov/dataset/usgs-spectral-library-version-7-data
"TIGER/Line Shapefile, 2019,  nation, U.S., Military Installation National Shapefile",https://catalog.data.gov/dataset/tiger-line-shapefile-2019-nation-u-s-military-installation-national-shapefile
Data from:  Crop Sequence and Nitrogen Fertilization Effects on Soil Properties in the Western Corn Belt,https://catalog.data.gov/dataset/data-from-crop-sequence-and-nitrogen-fertilization-effects-on-soil-properties-in-the-weste
Statewide Hybrid Workforce,https://catalog.data.gov/dataset/statewide-hybrid-workforce
NCBI Handbook,https://catalog.data.gov/dataset/ncbi-handbook
"TIGER/Line Shapefile, 2022, State, California, CA, Census Tract",https://catalog.data.gov/dataset/tiger-line-shapefile-2022-state-california-ca-census-tract
Cost Estimates of Foodborne Illnesses,https://catalog.data.gov/dataset/cost-estimates-of-foodborne-illnesses
Next Generation Simulation (NGSIM) Open Data,https://catalog.data.gov/dataset/next-generation-simulation-ngsim-open-data
ETOPO 2022 15 Arc-Second Global Relief Model,https://catalog.data.gov/dataset/etopo-2022-15-arc-second-global-relief-model2
NYSERDA New York Offshore Wind Supply Chain Dataset,https://catalog.data.gov/dataset/nyserda-new-york-offshore-wind-supply-chain-dataset
National Survey on Drug Use and Health (NSDUH-2013),https://catalog.data.gov/dataset/national-survey-on-drug-use-and-health-nsduh-2013
"Geographic Names Information System (GNIS) - USGS National Map Downloadable Data Collection

            NGDA",https://catalog.data.gov/dataset/geographic-names-information-system-gnis-usgs-national-map-downloadable-data-collection
Boundaries: City of Austin Neighborhoods,https://catalog.data.gov/dataset/boundaries-city-of-austin-neighborhoods
Federal Hiring Assessments and Selection Outcome Dataset,https://catalog.data.gov/dataset/federal-hiring-assessments-and-selection-outcome-dataset
State Verification & Exchange System (SVES),https://catalog.data.gov/dataset/state-verification-exchange-system-sves
Technology Reference Model,https://catalog.data.gov/dataset/technology-reference-model
Employer Identification File,https://catalog.data.gov/dataset/employer-identification-file
OSHA Information System,https://catalog.data.gov/dataset/osha-information-system-a0a2d
Travel Advisories,https://catalog.data.gov/dataset/travel-alerts-3417f
"NCEI/WDS Global Significant Earthquake Database, 2150 BC to Present",https://catalog.data.gov/dataset/ncei-wds-global-significant-earthquake-database-2150-bc-to-present1
USGS Historical Topographic Map Collection,https://catalog.data.gov/dataset/usgs-historical-topographic-map-collection
NIH Data and Specimen Hub (DASH),https://catalog.data.gov/dataset/nih-data-and-specimen-hub-dash
Data for multiple linear regression models for predicting microcystin concentration action-level exceedances in selected lakes in Ohio,https://catalog.data.gov/dataset/data-for-multiple-linear-regression-models-for-predicting-microcystin-concentration-action
eOPF Master Forms List,https://catalog.data.gov/dataset/eopf-master-forms-list-e4f43
Affordable Housing by Town 2011-2023,https://catalog.data.gov/dataset/affordable-housing-by-town-2011-present
VHA Support Service Center Capital Assets (VSSC),https://catalog.data.gov/dataset/vha-support-service-center-capital-assets-vssc
Picture of Subsidized Households,https://catalog.data.gov/dataset/a-picture-of-subsidized-households-2009
MD COVID-19 - Cases by County,https://catalog.data.gov/dataset/md-covid-19-cases-by-county
Abandoned Plan Search Database,https://catalog.data.gov/dataset/abandoned-plan-search-database-422f4
National Intimate Partner and Sexual Violence Survey (NISVS),https://catalog.data.gov/dataset/national-intimate-partner-and-sexual-violence-survey-nisvs
"TIGER/Line Shapefile, Current, County, Dallas County, TX, All Roads",https://catalog.data.gov/dataset/tiger-line-shapefile-current-county-dallas-county-tx-all-roads
SAT (College Board) 2010 School Level Results,https://catalog.data.gov/dataset/sat-college-board-2010-school-level-results
SBA Public Datasets,https://catalog.data.gov/dataset/sba-public-datasets
National Database of Childcare Prices,https://catalog.data.gov/dataset/national-database-of-childcare-costs-054fe
Truck Size and Weight Enforcement Data,https://catalog.data.gov/dataset/truck-size-and-weight-enforcement-data
Manufacturing Cost Guide,https://catalog.data.gov/dataset/manufacturing-cost-guide-7ccbc
State Crash Data,https://catalog.data.gov/dataset/state-crash-data
Crashes in DC,https://catalog.data.gov/dataset/crashes-in-dc
Adults Meeting Physical Activity Guidelines (LGHC Indicator),https://catalog.data.gov/dataset/adults-meeting-physical-activity-guidelines-lghc-indicator-cce6d
"Composite Scores For Private, Non-Profit and Proprietary Institutions",https://catalog.data.gov/dataset/composite-scores-for-private-non-profit-and-proprietary-institutions-e4137
Yosemite National Park Tract and Boundary Data,https://catalog.data.gov/dataset/yosemite-national-park-tract-and-boundary-data-c453b
U.S. Imports and Exports Value by Year and Mode 2003 thru 2023,https://catalog.data.gov/dataset/u-s-imports-and-exports-value-by-year-and-mode-2003-thru-2023
Forecasting demand data for critical materials,https://catalog.data.gov/dataset/forecasting-demand-data-for-critical-materials
2015 Street Tree Census - Tree Data,https://catalog.data.gov/dataset/2015-street-tree-census-tree-data-a16a1
HCUP Nationwide Readmissions Database (NRD)- Restricted Access Files,https://catalog.data.gov/dataset/healthcare-cost-and-utilization-project-nationwide-readmissions-database-nrd
Development Credit Authority (DCA) Data Set: Loan Transactions,https://catalog.data.gov/dataset/development-credit-authority-dca-data-set-loan-transactions-a8dbe
Physiographic divisions of the conterminous U. S.,https://catalog.data.gov/dataset/physiographic-divisions-of-the-conterminous-u-s
Current Population Survey Annual Social and Economic Supplement,https://catalog.data.gov/dataset/current-population-surveyannual-social-and-economicsupplement-980f9
2013-14 Advanced Placement Total Enrollment Estimations,https://catalog.data.gov/dataset/2013-14-advanced-placement-total-enrollment-estimations-b333c
Texas Unclaimed Property Listing,https://catalog.data.gov/dataset/texas-unclaimed-property-listing
Hospitalization Rate Related To Alzheimer's Or Other Dementias 2008-2017,https://catalog.data.gov/dataset/hospitalization-rate-related-to-alzheimers-or-other-dementias-2008-2017
ASTEROID NAMES AND DISCOVERY V4.0,https://catalog.data.gov/dataset/asteroid-names-and-discovery-v4-0-59834
Migration Routes of Elk in Wiggins Fork Herd in Wyoming,https://catalog.data.gov/dataset/migration-routes-of-elk-in-wiggins-fork-herd-in-wyoming
"National Epidemiologic Survey on Alcohol and Related Conditions (NESARC)—Wave 1 (2001–2002), and Wave 2 (2004–2005)",https://catalog.data.gov/dataset/national-epidemiologic-survey-on-alcohol-and-related-conditions-nesarcwave-1-20012002-and-
"Digital Geologic-GIS Map of the Yellowstone National Park and Vicinity, Wyoming, Montana and Idaho (NPS, GRD, GRI, YELL, YELL digital map) adapted from U.S. Geological Survey maps by Christiansen, Blank, Prostka, Smedes, Pierce, the U.S. Geological Survey, Elliot, Nelson, Wahl, Witkind, Love and others (1956 to 2007), and a Montana Bureau of Mines and Geology map by Berg, Lonn and Locke (1999)",https://catalog.data.gov/dataset/digital-geologic-gis-map-of-the-yellowstone-national-park-and-vicinity-wyoming-montana-and
MTA Bus Fare Evasion: Beginning 2019,https://catalog.data.gov/dataset/mta-bus-fare-evasion-beginning-2019
Adult Mental Health Treatment,https://catalog.data.gov/dataset/adult-mental-health-treatment
"TIGER/Line Shapefile, Current, State, New Jersey, Census Tract",https://catalog.data.gov/dataset/tiger-line-shapefile-current-state-new-jersey-census-tract
CORR-DATA,https://catalog.data.gov/dataset/corr-data-f703c
Archives.gov,https://catalog.data.gov/dataset/archives-gov
Climate Change Impacts on Air Quality and Human Health,https://catalog.data.gov/dataset/climate-change-impacts-on-air-quality-and-human-health
Eyes on the Solar System,https://catalog.data.gov/dataset/eyes-on-the-solar-system
Air Emissions/IGD: EF_ICIS_AIR,https://catalog.data.gov/dataset/air-emissions-igd-ef_icis_air10
Standard Occupational Classification,https://catalog.data.gov/dataset/standard-occupational-classification-da7d9
Duty to Serve Performance Data,https://catalog.data.gov/dataset/duty-to-serve-single-family-performance-data
"EnviroAtlas - New Bedford, MA - 15m Riparian Buffer Forest Cover",https://catalog.data.gov/dataset/enviroatlas-new-bedford-ma-15m-riparian-buffer-forest-cover5
Medicare Part D Prescribers - by Provider and Drug,https://catalog.data.gov/dataset/medicare-part-d-prescribers-by-provider-and-drug-ad73e
Broadband Adoption and Infrastructure by Zip Code,https://catalog.data.gov/dataset/broadband-adoption-and-infrastructure-by-zip-code
Climate Forecast System Version 2 (CFSv2) Operational Analysis,https://catalog.data.gov/dataset/climate-forecast-system-version-2-cfsv2-operational-analysis2
Continuum of Care (CoC) Homeless Populations and Subpopulations Reports,https://catalog.data.gov/dataset/coc-homeless-populations-and-subpopulations-reports
Youth Behavior Risk Survey (High School),https://catalog.data.gov/dataset/youth-behavior-risk-survey
Federal Environmental Requirements for Construction,https://catalog.data.gov/dataset/federal-environmental-requirements-for-construction
"All-Cause Unplanned 30-Day Hospital Readmission Rate, California (LGHC Indicator)",https://catalog.data.gov/dataset/all-cause-unplanned-30-day-hospital-readmission-rate-california-lghc-indicator-36e12
Noise Data 2020,https://catalog.data.gov/dataset/noise-data-20201
Commercial Buildings Energy Consumption Survey,https://catalog.data.gov/dataset/commercial-buildings-energy-consumption-survey
"TIGER/Line Shapefile, Current, State, Florida, County Subdivision",https://catalog.data.gov/dataset/tiger-line-shapefile-current-state-florida-county-subdivision
MTA Bus Hourly Ridership: Beginning 2025,https://catalog.data.gov/dataset/mta-bus-hourly-ridership-beginning-2025
Low Food Access Areas,https://catalog.data.gov/dataset/low-food-access-areas
2019 Public Data File - Students,https://catalog.data.gov/dataset/2019-public-data-file-students
Annual California Sea Otter Census—1985-2014 Spring Census Summary,https://catalog.data.gov/dataset/annual-california-sea-otter-census1985-2014-spring-census-summary
Port of Los Angeles - TEU Counts Monthly And Calendar YTD,https://catalog.data.gov/dataset/port-of-los-angeles-teu-counts-monthly-and-calendar-ytd
Generalized Geology of Europe including Turkey (geo4_2l),https://catalog.data.gov/dataset/generalized-geology-of-europe-including-turkey-geo4-2l
"Lost, found, adoptable pets",https://catalog.data.gov/dataset/lost-found-adoptable-pets
NYC Drinking Water Tank Inspections and Audits Compliance Results,https://catalog.data.gov/dataset/nyc-drinking-water-tank-inspections-and-audits-compliance-results
Identified Moderate and High Temperature Geothermal Systems,https://catalog.data.gov/dataset/identified-moderate-and-high-temperature-geothermal-systems
Voter Registration,https://catalog.data.gov/dataset/voter-registration-f2e6b
"NCHS - Top Five Leading Causes of Death: United States, 1990, 1950, 2000",https://catalog.data.gov/dataset/nchs-top-five-leading-causes-of-death-united-states-1990-1950-2000
1987-2018 cyanobacteria and water quality data for 20 reservoirs,https://catalog.data.gov/dataset/1987-2018-cyanobacteria-and-water-quality-data-for-20-reservoirs
Digital Elevation Model (DEM) from the Hydrologic Derivatives for Modeling and Analysis (HDMA) database -- Africa,https://catalog.data.gov/dataset/digital-elevation-model-dem-from-the-hydrologic-derivatives-for-modeling-and-analysis-hdma
"USGS National Geologic Map Database Collection

            NGDA",https://catalog.data.gov/dataset/usgs-national-geologic-map-database-collection
Parking Violations Issued - Fiscal Year 2024,https://catalog.data.gov/dataset/parking-violations-issued-fiscal-year-2021
Animal Control Incidents,https://catalog.data.gov/dataset/animal-control-incidents
"TIGER/Line Shapefile, 2023, County, San Francisco County, CA, Topological Faces (Polygons With All Geocodes)",https://catalog.data.gov/dataset/tiger-line-shapefile-2023-county-san-francisco-county-ca-topological-faces-polygons-with-all-ge
ChemIDplus,https://catalog.data.gov/dataset/chemidplus-subset-33c85
Recidivism: Beginning 2008,https://catalog.data.gov/dataset/recidivism-beginning-2008
Principal Ports,https://catalog.data.gov/dataset/principal-ports5
Historic Landslide Points,https://catalog.data.gov/dataset/historic-landslide-points
NASA Disasters Mapping Portal,https://catalog.data.gov/dataset/nasa-disasters-mapping-portal
data.hrsa.gov (HRSA Data Warehouse),https://catalog.data.gov/dataset/data-hrsa-gov-hrsa-data-warehouse
Traffic Cameras,https://catalog.data.gov/dataset/traffic-cameras-39eee
HTML files,https://catalog.data.gov/dataset/html-files
National Agriculture Imagery Program (NAIP),https://catalog.data.gov/dataset/national-agriculture-imagery-program-naip
"TIGER/Line Shapefile, 2023, State, Illinois, Primary and Secondary Roads",https://catalog.data.gov/dataset/tiger-line-shapefile-2023-state-illinois-primary-and-secondary-roads
"Shipping Fairways, Lanes, and Zones for US waters",https://catalog.data.gov/dataset/shipping-fairways-lanes-and-zones-for-us-waters1
ICLUS v2.1.1 population projections,https://catalog.data.gov/dataset/iclus-v2-1-1-population-projections13
Job Openings and Labor Turnover Survey,https://catalog.data.gov/dataset/job-openings-and-labor-turnover-survey-ac52c
"National watershed boundary (HUC12) dataset for the conterminous United States, retrieved 10/26/2020",https://catalog.data.gov/dataset/national-watershed-boundary-huc12-dataset-for-the-conterminous-united-states-retrieved-26-
Bikeshare (Docked and Dockless) and E-scooter Systems by Year and City Served,https://catalog.data.gov/dataset/bikeshare-docked-and-dockless-and-e-scooter-systems-by-year-and-city-served
Iowa Property Casualty Insurance Premiums and Losses,https://catalog.data.gov/dataset/iowa-property-casualty-insurance-premiums-and-losses
Climate Forecast System Version 2 (CFSv2) Operational Forecasts,https://catalog.data.gov/dataset/climate-forecast-system-version-2-cfsv2-operational-forecasts1
Data from: Soil pH and Exchangeable Cation Responses to Tillage and Fertilizer in Dryland Cropping Systems,https://catalog.data.gov/dataset/data-from-soil-ph-and-exchangeable-cation-responses-to-tillage-and-fertilizer-in-dryland-c
U.S.-Mexico Incoming Truck Crossings,https://catalog.data.gov/dataset/u-s-mexico-incoming-truck-crossings
Office-based Health Care Providers Database,https://catalog.data.gov/dataset/office-based-health-care-providers-database
"Rates and Trends in Hypertension-related Cardiovascular Disease Mortality Among US Adults (35+) by County, Age Group, Race/Ethnicity, and Sex – 2000-2019",https://catalog.data.gov/dataset/rates-and-trends-in-hypertension-related-cardiovascular-disease-mortality-among-us-ad-2000-2fdf2
"2020 Cartographic Boundary File (SHP), Current Consolidated City for United States, 1:500,000",https://catalog.data.gov/dataset/2020-cartographic-boundary-file-shp-current-consolidated-city-for-united-states-1-500000
"TIGER/Line Shapefile, Current, State, Minnesota, Census Tract",https://catalog.data.gov/dataset/tiger-line-shapefile-current-state-minnesota-census-tract
Food and Nutrient Database for Dietary Studies (FNDDS),https://catalog.data.gov/dataset/food-and-nutrient-database-for-dietary-studies-fndds-f9910
"Collection
            
Monthly Traffic Volume Trends",https://catalog.data.gov/dataset/monthly-traffic-volume-trends
MTA Subway Turnstile Usage Data: 2022,https://catalog.data.gov/dataset/turnstile-usage-data-2022
November 2024 General Election - Election Night Precinct Results,https://catalog.data.gov/dataset/november-2024-general-election-election-night-precinct-results
MTA Workplace Violence Labor Law Incidents: Beginning 2019,https://catalog.data.gov/dataset/mta-workplace-violence-labor-law-incidents-beginning-2019
The NBS Tables of Chemical Thermodynamic Properties: Selected Values for Inorganic and C1 and C2 Organic Substances in SI Units,https://catalog.data.gov/dataset/the-nbs-tables-of-chemical-thermodynamic-properties-selected-values-for-inorganic-and-c1-a-8162e
Motor Carrier Inspections,https://catalog.data.gov/dataset/motor-carrier-inspections
Foreign Trade Zones: Zone and Site Information,https://catalog.data.gov/dataset/online-ftz-information-system-ofis
"Collection
            
TIGER/Line Shapefile, 2019, Series Information for the  Primary and Secondary Roads State-based Shapefile",https://catalog.data.gov/dataset/tiger-line-shapefile-2019-series-information-for-the-primary-and-secondary-roads-state-based-sh
Iowa Liquor Sales,https://catalog.data.gov/dataset/iowa-liquor-sales
Low-Income or Disadvantaged Communities Designated by California,https://catalog.data.gov/dataset/low-income-or-disadvantaged-communities-designated-by-california-b8da6
Motor Vehicle Collisions - Person,https://catalog.data.gov/dataset/motor-vehicle-collisions-person
Treasury International Capital (TIC) - Archives of TIC Monthly Data Releases,https://catalog.data.gov/dataset/treasury-international-capital-tic-archives-of-tic-monthly-data-releases
NIST Chemistry WebBook - SRD 69,https://catalog.data.gov/dataset/nist-chemistry-webbook-srd-69-de237
Grade Expectations How Marks and Education Policies Shape Students' Ambitions,https://catalog.data.gov/dataset/grade-expectations-how-marks-and-education-policies-shape-students-ambitions
"TIGER/Line Shapefile, Current, Nation, U.S., Core-Based Statistical Areas",https://catalog.data.gov/dataset/tiger-line-shapefile-current-nation-u-s-core-based-statistical-areas
Global Data Assimilation System (GDAS),https://catalog.data.gov/dataset/global-data-assimilation-system-gdas2
"Data from temperature-depth measurements in research drillhole Y-7, Upper Geyser Basin, Yellowstone National Park",https://catalog.data.gov/dataset/data-from-temperature-depth-measurements-in-research-drillhole-y-7-upper-geyser-basin-yell
Federal Item Identification Guide (FIIG),https://catalog.data.gov/dataset/federal-item-identification-guide-fiig
"School Survey on Crime and Safety, 2000",https://catalog.data.gov/dataset/school-survey-on-crime-and-safety-2000-a7bdb
Marine Animal Incident Database,https://catalog.data.gov/dataset/marine-animal-incident-database1
2016-17 - 2020-23 Citywide End-of-Year Attendance and Chronic Absenteeism Data,https://catalog.data.gov/dataset/2016-17-2020-21-citywide-end-of-year-attendance-and-chronic-absenteeism-data
Austin Code Complaint Cases,https://catalog.data.gov/dataset/austin-code-complaint-cases
EPA Enforcement and Compliance History Online,https://catalog.data.gov/dataset/epa-enforcement-and-compliance-history-online
Consumer Airfare Report: Table 5 - Detailed Fare Information For Highest and Lowest Fare Markets Under 750 Miles,https://catalog.data.gov/dataset/consumer-airfare-report-table-5-detailed-fare-information-for-highest-and-lowest-fare-mark
Snowstorm Database,https://catalog.data.gov/dataset/snowstorm-database1
XRD Raw data,https://catalog.data.gov/dataset/xrd-raw-data
EPA Long-Term Monitoring of Acidified Surface Waters,https://catalog.data.gov/dataset/epa-long-term-monitoring-of-acidified-surface-waters
EMS Incident Dispatch Data,https://catalog.data.gov/dataset/ems-incident-dispatch-data
2023 CEV Data: Current Population Survey Civic Engagement and Volunteering Supplement,https://catalog.data.gov/dataset/2023-cev-data-current-population-survey-civic-engagement-and-volunteering-supplement
"TIGER/Line Shapefile, Current, State, Pennsylvania, Place",https://catalog.data.gov/dataset/tiger-line-shapefile-current-state-pennsylvania-place
DMV Vision Registry Providers,https://catalog.data.gov/dataset/dmv-vision-registry-providers
Core Based Statistical Areas,https://catalog.data.gov/dataset/core-based-statistical-areas1
"TIGER/Line Shapefile, 2017,  nation, U.S., Current State and Equivalent National",https://catalog.data.gov/dataset/tiger-line-shapefile-2017-nation-u-s-current-state-and-equivalent-national
WaveWatch III (WW3) Global Wave Model,https://catalog.data.gov/dataset/wavewatch-iii-ww3-global-wave-model1
WA Tax Exemptions - Potential Eligibility by Make/Model Excluding Vehicle Price Criteria,https://catalog.data.gov/dataset/wa-tax-exemptions-potential-eligibility-by-make-model-excluding-vehicle-price-criteria
Registered Apprenticeship Partners Information Database System (RAPIDS) Dataset,https://catalog.data.gov/dataset/registered-apprenticeship-partners-information-database-system-rapids-dataset
"TIGER/Line Shapefile, 2020, Nation, U.S., Metropolitan Divisions",https://catalog.data.gov/dataset/tiger-line-shapefile-2020-nation-u-s-metropolitan-divisions
Purchase Order Data,https://catalog.data.gov/dataset/purchase-order-data
Taxi Trips (2013-2023),https://catalog.data.gov/dataset/taxi-trips
Food Inspections,https://catalog.data.gov/dataset/food-inspections
Job Applicants by Gender and Ethnicity,https://catalog.data.gov/dataset/job-applicants-by-gender-and-ethnicity
County-level Oil and Gas Production in the U.S.,https://catalog.data.gov/dataset/county-level-oil-and-gas-production-in-the-u-s
"TIGER/Line Shapefile, Current, State, Illinois, County Subdivision",https://catalog.data.gov/dataset/tiger-line-shapefile-current-state-illinois-county-subdivision
EPA Tribes (3 of 6): American Indian Reservations,https://catalog.data.gov/dataset/epa-tribes-3-of-6-american-indian-reservations9
Automobile Insurance Company Complaint Rankings: Beginning 2009,https://catalog.data.gov/dataset/automobile-insurance-company-complaint-rankings-beginning-2009
"NNDSS - Table II. Rabies, animal to Rubella, congenital syndrome",https://catalog.data.gov/dataset/nndss-table-ii-rabies-animal-to-rubella-congenital-syndrome
Monthly Casino Slot Revenue for Current Year,https://catalog.data.gov/dataset/monthly-casino-slot-revenue-for-current-year
"Land of Opportunity: Geothermal, Land-based Wind, and Solar PV Potential on Federal Lands",https://catalog.data.gov/dataset/land-of-opportunity-land-based-wind-and-solar-pv-potential-on-federal-lands
Consumer Airfare Report: Table 7 - Fare Premiums for Select Cities with More Than 20 Passengers per Day,https://catalog.data.gov/dataset/consumer-airfare-report-table-7-fare-premiums-for-select-cities-with-more-than-20-passenge
Bus Breakdown and Delays,https://catalog.data.gov/dataset/bus-breakdown-and-delays
Street Resurfacing Schedule,https://catalog.data.gov/dataset/street-resurfacing-schedule
"Gridded Population of the World, Version 4 (GPWv4): Population Density, Revision 11",https://catalog.data.gov/dataset/gridded-population-of-the-world-version-4-gpwv4-population-density-revision-11
National Solar Radiation Database (NSRDB) Station Data Output for 1991 to 2010,https://catalog.data.gov/dataset/national-solar-radiation-database-nsrdb-station-data-output-for-1991-to-20102
Consumer Expenditure Survey,https://catalog.data.gov/dataset/consumer-expenditure-survey-dbf32
Phoenix Financial System,https://catalog.data.gov/dataset/phoenix-financial-system
FAFSA® Completion by High School and Public School District,https://catalog.data.gov/dataset/fafsa-completion-by-high-school-and-public-school-district-c40a3
COVID-19 Vaccinations by Age Group - ARCHIVED,https://catalog.data.gov/dataset/covid-19-vaccinations-by-age-group
Employee Payroll,https://catalog.data.gov/dataset/employee-payroll
Artificial Intelligence and Technology,https://catalog.data.gov/dataset/artificial-intelligence-and-technology
Numident,https://catalog.data.gov/dataset/numident
The National Institute on Aging Genetics of Alzheimer’s Disease Data Storage Site (NIAGADS),https://catalog.data.gov/dataset/the-national-institute-on-aging-genetics-of-alzheimers-disease-data-storage-site-niagads
USEEIOv1.1 - openLCA,https://catalog.data.gov/dataset/useeiov1-1-openlca
MTA Subway Origin-Destination Ridership Estimate: 2024,https://catalog.data.gov/dataset/mta-subway-origin-destination-ridership-estimate-2024
National Vulnerability Database,https://catalog.data.gov/dataset/national-vulnerability-database-8ebf8
NNDSS Weekly Data,https://catalog.data.gov/dataset/nndss-weekly-data-14574
Questions for the Record (QFRs),https://catalog.data.gov/dataset/questions-for-the-record-qfrs-e75c5
Ischemic Stroke 30-Day Mortality and 30-Day Readmission Rates and Quality Ratings for CA Hospitals,https://catalog.data.gov/dataset/ischemic-stroke-30-day-mortality-and-30-day-readmission-rates-and-quality-ratings-for-ca-h-92036
Built Environment Indicators,https://catalog.data.gov/dataset/built-environment-indicators
Math Test Results 2006-2012,https://catalog.data.gov/dataset/math-test-results-2006-2012
"TIGER/Line Shapefile, 2022, Nation, U.S., Military Installation",https://catalog.data.gov/dataset/tiger-line-shapefile-2022-nation-u-s-military-installation
Alternative Fuels Data Center,https://catalog.data.gov/dataset/alternative-fuels-data-center-884ca
Lottery Daily Retailer Sales (By Game): Beginning 2024,https://catalog.data.gov/dataset/lottery-daily-retailer-sales-by-game-beginning-2024
Wildland Urban Interface: 2020 (Map Service),https://catalog.data.gov/dataset/wildland-urban-interface-2020-map-service
Spill Incidents,https://catalog.data.gov/dataset/spill-incidents
Harmful Algal Blooms,https://catalog.data.gov/dataset/harmful-algal-blooms2
Drug Establishments Current Registration Site,https://catalog.data.gov/dataset/drug-establishments-current-registration-site
PubMed Central Open Access Subset (PMC OA),https://catalog.data.gov/dataset/pubmed-central-open-access-subset-pmc-oa
Monthly Motor Fuel Sales Tax Revenue Collection by State,https://catalog.data.gov/dataset/monthly-motor-fuel-sales-tax-revenue-collection-by-state
"TIGER/Line Shapefile, 2022, County, San Diego County, CA, Topological Faces (Polygons With All Geocodes)",https://catalog.data.gov/dataset/tiger-line-shapefile-2022-county-san-diego-county-ca-topological-faces-polygons-with-all-geocod
Youth Risk Behavior Surveillance System (YRBSS),https://catalog.data.gov/dataset/youth-risk-behavior-surveillance-system-yrbss
Graduation Rates at Public Universities 2020-2022,https://catalog.data.gov/dataset/graduation-rates-at-public-universities-2019-2021
Master COVID-19 Dataset,https://catalog.data.gov/dataset/master-covid-19-dataset
Census Block Groups in 2020,https://catalog.data.gov/dataset/census-block-groups-in-2020
Post-Secondary Employment Outcomes (PSEO): Post-Secondary Employment Outcomes (PSEO) - Flows,https://catalog.data.gov/dataset/post-secondary-employment-outcomes-pseo-post-secondary-employment-outcomes-pseo-flows
Public Company Bankruptcy Cases Opened and Monitored,https://catalog.data.gov/dataset/public-company-bankruptcy-cases-opened-and-monitored
Highway Statistics - Data Browser,https://catalog.data.gov/dataset/highway-statistics-data-browser
Motor Vehicle Use Map: Roads (Feature Layer),https://catalog.data.gov/dataset/motor-vehicle-use-map-roads-feature-layer-7d219
CDC Child Growth Charts,https://catalog.data.gov/dataset/cdc-child-growth-charts
State Drug Utilization Data 2023,https://catalog.data.gov/dataset/state-drug-utilization-data-2023
Prisoner Update Processing System (PUPS) - Data Exchange,https://catalog.data.gov/dataset/prisoner-update-processing-system-pups-data-exchange
Property Valuation and Assessment Data,https://catalog.data.gov/dataset/property-valuation-and-assessment-data-db7c2
U.S. Nuclear Power Plant Inspection Reports,https://catalog.data.gov/dataset/u-s-nuclear-power-plant-inspection-reports
Preliminary Damage Assessments,https://catalog.data.gov/dataset/preliminary-damage-assessments
BLM NM REGION CadNSDI TOWNSHIPS FOR NM,https://catalog.data.gov/dataset/blm-nm-region-cadnsdi-townships-for-nm-12c64
"Suicide, Deaths per 100,000 Population (LGHC Indicator)",https://catalog.data.gov/dataset/suicide-deaths-per-100000-population-lghc-indicator-9a8e1
MTA Colors,https://catalog.data.gov/dataset/mta-colors
Post-COVID Conditions,https://catalog.data.gov/dataset/post-covid-conditions-89bb3
New York City Population By Community Districts,https://catalog.data.gov/dataset/new-york-city-population-by-community-districts
NOHSS Adult Indicators,https://catalog.data.gov/dataset/nohss-adult-indicators
Textile and Apparel Imports from China: Statistical Reports,https://catalog.data.gov/dataset/textile-and-apparel-imports-from-china-statistical-reports-fourth-quarter-2021
"NCDC International Best Track Archive for Climate Stewardship (IBTrACS) Project, Version 3",https://catalog.data.gov/dataset/ncdc-international-best-track-archive-for-climate-stewardship-ibtracs-project-version-32
"Report on U.S. Methane Emissions 1990-2020: Inventories, Projections, and Opportunities for Reductions: 2001 Updated emission and cost estimates",https://catalog.data.gov/dataset/report-on-u-s-methane-emissions-1990-2020-inventories-projections-and-opportunities-for-re
"Global Distribution of Selected Mines, Deposits, and Districts of Critical Minerals",https://catalog.data.gov/dataset/global-distribution-of-selected-mines-deposits-and-districts-of-critical-minerals
Divvy Trips,https://catalog.data.gov/dataset/divvy-trips
Alternative Fuel Vehicle Data,https://catalog.data.gov/dataset/alternative-fuel-vehicle-data
CloudCV 10-Second Sky Images and Irradiance Dataset,https://catalog.data.gov/dataset/cloudcv-10-second-sky-images-and-irradiance-dataset-4c3df
Report Card Graduation 2023-24,https://catalog.data.gov/dataset/report-card-graduation-2023-24-054a5
2011-12 Discipline Estimations for Nation and by State Civil Rights Data Collection,https://catalog.data.gov/dataset/2011-12-discipline-estimations-for-nation-and-by-state-civil-rights-data-collection-85fcf
Social Media and Online Experience,https://catalog.data.gov/dataset/social-media-and-online-experience
Facility Registry Service (FRS),https://catalog.data.gov/dataset/facility-registry-service-frs
NYS Climate Impacts Assessment: Climate Change Projections,https://catalog.data.gov/dataset/nys-climate-impacts-assessment-climate-change-projections
Autism and green space_clean,https://catalog.data.gov/dataset/autism-and-green-space-clean
Census_Tracts,https://catalog.data.gov/dataset/census-tracts-c46f1
Reference Data Set of Human Skin Reflectance,https://catalog.data.gov/dataset/reference-data-set-of-human-skin-reflectance-e18fa
Diabetes & Hypertension & Hyperlipidemia comorbidity,https://catalog.data.gov/dataset/diabetes-hypertension-hyperlipidemia-comorbidity
"State-Level Data on Juvenile Delinquency and Violence, Mental-Health and Psychotropic-Medication Related Issues, and School Accountability, United States, 1990-2014",https://catalog.data.gov/dataset/state-level-data-on-juvenile-delinquency-and-violence-mental-health-and-psychotropic-1990--9d8ab
MSHA Mine Addresses of Record,https://catalog.data.gov/dataset/msha-mine-addresses-of-record
PHM 2008 Challenge,https://catalog.data.gov/dataset/phm-2008-challenge-d1f2b
California Fire Perimeters (all),https://catalog.data.gov/dataset/california-fire-perimeters-all-5b4ee
Time Series: Business Dynamics Statistics,https://catalog.data.gov/dataset/economic-surveys-business-dynamics-statistics
Electronic Police Report 2024,https://catalog.data.gov/dataset/electronic-police-report-2024
Prevailing Wage Program Historical Data,https://catalog.data.gov/dataset/prevailing-wage-program-historical-data
Active Iowa Business Entities Search,https://catalog.data.gov/dataset/active-iowa-business-entities-search
ForeignAssistance.gov,https://catalog.data.gov/dataset/foreignassistance-gov-509a4
Department of Finance Digital Tax Map,https://catalog.data.gov/dataset/department-of-finance-digital-tax-map
Voter Election Registration and Turnout,https://catalog.data.gov/dataset/voter-election-registration-and-turnout
Motor Vehicle Repair and Towing,https://catalog.data.gov/dataset/motor-vehicle-repair-and-towing
Amtrak Routes,https://catalog.data.gov/dataset/amtrak-routes1
BLM Natl AIM Riparian and Wetland Indicators Hub,https://catalog.data.gov/dataset/blm-natl-aim-riparian-and-wetland-indicators-hub
"Revenues Used by States for Highways, 2000 - 2023 (SF-1)",https://catalog.data.gov/dataset/revenues-used-by-states-for-highways-2000-2023-sf-1
"Michigan Department of State, Driver and Vehicle Records Division Motor Vehicle Administration",https://catalog.data.gov/dataset/michigan-department-of-state-driver-and-vehicle-records-division-motor-vehicle-administrat
National Fire Incident Reporting System (NFIRS),https://catalog.data.gov/dataset/national-fire-incident-reporting-system-nfirs
Hazus Data,https://catalog.data.gov/dataset/hazus-data-aa23c
SEPTA Ridership Statistics,https://catalog.data.gov/dataset/septa-ridership-statistics
Social Security Administration (SSA) Public Data Listing (PDL),https://catalog.data.gov/dataset/social-security-administration-ssa-public-data-listing-pdl
National Item File (NIF),https://catalog.data.gov/dataset/national-item-file-nif
"2023 Cartographic Boundary File (SHP), Core Based Statistical Areas (CBSA) for United States, 1:500,000",https://catalog.data.gov/dataset/2023-cartographic-boundary-file-shp-core-based-statistical-areas-cbsa-for-united-states-1-50000
Multifamily Assistance Section 8 Contracts,https://catalog.data.gov/dataset/multifamily-assistance-section-8-contracts
All-Transactions House Price Index for Connecticut,https://catalog.data.gov/dataset/all-transactions-house-price-index-for-connecticut
Housing Cost Burden,https://catalog.data.gov/dataset/housing-cost-burden-6a9ec
U.S. Life Expectancy at Birth by State and Census Tract - 2010-2015,https://catalog.data.gov/dataset/u-s-life-expectancy-at-birth-by-state-and-census-tract-2010-2015
Degradation Measurement of Robot Arm Position Accuracy,https://catalog.data.gov/dataset/degradation-measurement-of-robot-arm-position-accuracy-be76e
SNOwpack TELemetry Network (SNOTEL),https://catalog.data.gov/dataset/snowpack-telemetry-network-snotel
National Forensic Laboratory Information System (NFLIS) Public Data Sets,https://catalog.data.gov/dataset/nflis
Traffic Crashes - Vision Zero Chicago Traffic Fatalities,https://catalog.data.gov/dataset/traffic-crashes-vision-zero-chicago-traffic-fatalities
Forestry Tree Points,https://catalog.data.gov/dataset/forestry-tree-points
USEEIO Models with Import Emission Factors for Greenhouse Gases for 2022 from CEDA coupled model,https://catalog.data.gov/dataset/useeio-models-with-import-emission-factors-for-greenhouse-gases-for-2022-from-ceda-coupled
Restaurant and Market Health Violations,https://catalog.data.gov/dataset/restaurant-and-market-health-violations
Zion National Park Trail and Trailhead GIS Datasets,https://catalog.data.gov/dataset/zion-national-park-trail-and-trailhead-gis-datasets
SEPTA Finances,https://catalog.data.gov/dataset/septa-finances
"TIGER/Line Shapefile, 2023, County, New York County, NY, Topological Faces (Polygons With All Geocodes)",https://catalog.data.gov/dataset/tiger-line-shapefile-2023-county-new-york-county-ny-topological-faces-polygons-with-all-geocode
Hospital Encounters for Behavioral Health,https://catalog.data.gov/dataset/hospital-encounters-for-behavioral-health-848fa
"Inpatient, Emergency Department, and Outpatient Visits for Respiratory Illnesses",https://catalog.data.gov/dataset/inpatient-emergency-department-and-outpatient-visits-for-respiratory-illnesses
1.25 Police Body Cameras (summary),https://catalog.data.gov/dataset/1-25-police-body-cameras-summary-df4dc
Characterization Factors for Construction Material EPD Indicators (ISO21930-LCIA-US) v0.1,https://catalog.data.gov/dataset/characterization-factors-for-construction-material-epd-indicators-iso21930-lcia-us-v0-1
New Mexico State Boundary,https://catalog.data.gov/dataset/new-mexico-state-boundary
Capital Area Food Bank Hunger Estimates,https://catalog.data.gov/dataset/capital-area-food-bank-hunger-estimates
SWAT - Soil and Water Assessment Tool,https://catalog.data.gov/dataset/swat-soil-and-water-assessment-tool-b3d53
Wastewater Treatment Plants,https://catalog.data.gov/dataset/wastewater-treatment-plants
Thirteen-year Stover Harvest and Tillage Effects on Corn Agroecosystem Sustainability in Iowa,https://catalog.data.gov/dataset/thirteen-year-stover-harvest-and-tillage-effects-on-corn-agroecosystem-sustainability-in-i-be5ae
"TIGER/Line Shapefile, 2020, Nation, U.S., Core Based Statistical Areas (CBSA)",https://catalog.data.gov/dataset/tiger-line-shapefile-2020-nation-u-s-core-based-statistical-areas-cbsa
Allegheny County Property Assessments,https://catalog.data.gov/dataset/allegheny-county-property-assessments
"Estimated annual agricultural pesticide use by major crop or crop group for states of the conterminous United States, 1992-2019 (including preliminary estimates for 2018-19)",https://catalog.data.gov/dataset/estimated-annual-agricultural-pesticide-use-by-major-crop-or-crop-group-for-states-of-t-20
State of South Dakota GIS Data,https://catalog.data.gov/dataset/state-of-south-dakota-gis-data-4a15c
USAID Inventory of AI Use Cases 2024 (Dataset),https://catalog.data.gov/dataset/usaid-inventory-of-ai-use-cases-2024-dataset
US Historic Declination Calculator,https://catalog.data.gov/dataset/us-historic-declination-calculator2
Gainful Employment,https://catalog.data.gov/dataset/gainful-employment-d115b
District Court - Case Search,https://catalog.data.gov/dataset/district-court-case-search
Cohort Default Rates,https://catalog.data.gov/dataset/cohort-default-rates-c4719
NOAA Monthly U.S. Climate Divisional Database (NClimDiv),https://catalog.data.gov/dataset/noaa-monthly-u-s-climate-divisional-database-nclimdiv1
National Parks,https://catalog.data.gov/dataset/national-parks-c0904
Small Business Lending in the United States-2020,https://catalog.data.gov/dataset/small-business-lending-in-the-united-states-2020-97feb
EOIR Case Data,https://catalog.data.gov/dataset/eoir-case-data
Modified Zip Code Tabulation Areas (MODZCTA),https://catalog.data.gov/dataset/modified-zip-code-tabulation-areas-modzcta
"Multifamily Properties

            NGDA",https://catalog.data.gov/dataset/multifamily-properties
"Digital Shoreline Analysis System (DSAS) version 5.0 transects with shoreline rate change calculations at Barter Island Alaska, 1947 to 2020",https://catalog.data.gov/dataset/digital-shoreline-analysis-system-dsas-version-5-0-transects-with-shoreline-rate-change-ca
Traffic Volumes AADT,https://catalog.data.gov/dataset/traffic-volumes-aadt-ee8d6
Medicare Inpatient Hospitals - by Provider and Service,https://catalog.data.gov/dataset/medicare-inpatient-hospitals-by-provider-and-service-9af02
"Data from: Exercise plasma metabolomics and xenometabolomics in obese, sedentary, insulin-resistant women: impact of a fitness and weight loss intervention",https://catalog.data.gov/dataset/data-from-exercise-plasma-metabolomics-and-xenometabolomics-in-obese-sedentary-insulin-res-2cf06
FY 2022 Federal Real Property Profile (FRPP) Public Dataset,https://catalog.data.gov/dataset/fy-2022-federal-real-property-profile
"Aggregated Oil and Natural Gas Drilling and Production History of the United States (ver. 1.1, April 2023)",https://catalog.data.gov/dataset/aggregated-oil-and-natural-gas-drilling-and-production-history-of-the-united-states-ver-1-
"Collection
            
Civil Rights Data Collection (CRDC) for the 2013-14 school year",https://catalog.data.gov/dataset/civil-rights-data-collection-crdc-for-the-2013-14-school-year-7a6ab
"Nutrition, Physical Activity, and Obesity - Policy and Environmental Data",https://catalog.data.gov/dataset/nutrition-physical-activity-and-obesity-policy-and-environmental-data
HUD-Insured Multifamily Mortgages Database,https://catalog.data.gov/dataset/insured-multifamily-mortgages-database
Crashes data,https://catalog.data.gov/dataset/crashes-data
Marketing and Outreach Advertising Materials Purchase,https://catalog.data.gov/dataset/marketing-and-outreach-advertising-materials-purchase-dd112
Maryland Counties Socioeconomic Characteristics (ACS 5-yr Estimates 2022),https://catalog.data.gov/dataset/maryland-counties-socioeconomic-characteristics
Medicare Part B Spending by Drug,https://catalog.data.gov/dataset/medicare-part-b-spending-by-drug-f3e5c
High Production Volume Information System (HPVIS),https://catalog.data.gov/dataset/high-production-volume-information-system-hpvis
Chemical Data Access Tool,https://catalog.data.gov/dataset/chemical-data-access-tool
Hydrographic and Impairment Statistics Database: GRKO,https://catalog.data.gov/dataset/hydrographic-and-impairment-statistics-database-grko
Active Iowa Business Entities,https://catalog.data.gov/dataset/active-iowa-business-entities
FedScope Diversity Cubes,https://catalog.data.gov/dataset/fedscope-diversity-cubes-714ca
GISS Surface Temperature Analysis,https://catalog.data.gov/dataset/giss-surface-temperature-analysis1
Film Permits,https://catalog.data.gov/dataset/film-permits
ODF Fire Occurrence Data 2000-2022,https://catalog.data.gov/dataset/odf-fire-occurrence-data-2000-2022
NIST/ASME Steam Properties Database - SRD 10,https://catalog.data.gov/dataset/nist-asme-steam-properties-database-srd-10-b35bb
"2020 Cartographic Boundary File (KML), 2020 ZIP Code Tabulation Areas for United States, 1:500,000",https://catalog.data.gov/dataset/2020-cartographic-boundary-file-kml-2020-zip-code-tabulation-areas-for-united-states-1-500000
Total tonnage (foreign and domestic) of commodites carried on commercial waterways,https://catalog.data.gov/dataset/total-tonnage-foreign-and-domestic-of-commodites-carried-on-commercial-waterways
USAID University Online Course Catalog,https://catalog.data.gov/dataset/usaid-university-online-course-catalog
"ZIP Code-level data on daily temperature, Medicare cardiovascular hospitalizations, and urban heat island intensity, contiguous United States, 2000-2017",https://catalog.data.gov/dataset/zip-code-level-data-on-daily-temperature-medicare-cardiovascular-hospitalizations-and-2000
Chicago Population Counts,https://catalog.data.gov/dataset/chicago-population-counts
EPA Sole Source Aquifers,https://catalog.data.gov/dataset/epa-sole-source-aquifers11
US / Mexico Land Boundary Monuments,https://catalog.data.gov/dataset/us-mexico-land-boundary-monuments_6594c292c4a24f18a82beb41d1d9c4da
Safe Drinking Water Information System (SDWIS) Federal Reports Advanced Search Tool,https://catalog.data.gov/dataset/safe-drinking-water-information-system-sdwis-federal-reports-advanced-search-tool
Weekly Traffic Volume,https://catalog.data.gov/dataset/weekly-traffic-volume
"Nutrition, Physical Activity, and Obesity - American Community Survey",https://catalog.data.gov/dataset/nutrition-physical-activity-and-obesity-american-community-survey
"Inland Electronic Navigational Charts (IENC)

            NGDA",https://catalog.data.gov/dataset/inland-electronic-navigational-charts-ienc
Diabetes control is associated with environmental quality in the U.S.,https://catalog.data.gov/dataset/diabetes-control-is-associated-with-environmental-quality-in-the-u-s
Dairy Data,https://catalog.data.gov/dataset/dairy-data
Monthly Enrollment - Test,https://catalog.data.gov/dataset/monthly-enrollment-test
Speed Camera Violations,https://catalog.data.gov/dataset/speed-camera-violations
Aquaculture Data,https://catalog.data.gov/dataset/aquaculture-data
"GPS Tracking Data for Caribou (Rangifer tarandus granti) from the Fortymile Herd, Alaska, 1998-1999",https://catalog.data.gov/dataset/gps-tracking-data-for-caribou-rangifer-tarandus-granti-from-the-fortymile-herd-alaska-1998
"Index, Violent, Property, and Firearm Rates By County: Beginning 1990",https://catalog.data.gov/dataset/index-violent-property-and-firearm-rates-by-county-beginning-1990
NIST/SEMATECH e-Handbook of Statistical Methods (NIST Handbook 151),https://catalog.data.gov/dataset/nist-sematech-e-handbook-of-statistical-methods-nist-handbook-151-d8b6f
Rates of Preventable Hospitalizations for Selected Medical Conditions by County (LGHC Indicator),https://catalog.data.gov/dataset/rates-of-preventable-hospitalizations-for-selected-medical-conditions-by-county-lghc-indic-c0428
Monthly Statement of the Public Debt (MSPD),https://catalog.data.gov/dataset/monthly-statement-of-the-public-debt
Hotels Motels BBs,https://catalog.data.gov/dataset/hotels-motels-bbs
Autonomous Vehicle Survey of Bicyclists and Pedestrians in Pittsburgh,https://catalog.data.gov/dataset/autonomous-vehicle-survey-of-bicyclists-and-pedestrians-in-pittsburgh
Prediction Of Worldwide Energy Resources (POWER),https://catalog.data.gov/dataset/prediction-of-worldwide-energy-resources-power
Monthly Summaries of the Global Historical Climatology Network - Daily (GHCN-D),https://catalog.data.gov/dataset/monthly-summaries-of-the-global-historical-climatology-network-daily-ghcn-d2
Graduation results for Cohorts 2012 to 2019 (Classes of 2016 to 2023),https://catalog.data.gov/dataset/graduation-results-for-cohorts-2012-to-2019-classes-of-2016-to-2023
Aviation Safety Reporting System: Maintenance Reports,https://catalog.data.gov/dataset/aviation-safety-reporting-system-maintenance-reports
COVID-19 Post-Vaccination Infection Data (ARCHIVED),https://catalog.data.gov/dataset/covid-19-post-vaccination-infection-data-archived-a6744
NIST Atomic Spectra Database - SRD 78,https://catalog.data.gov/dataset/nist-atomic-spectra-database-srd-78-df78f
Ground Water - Water Quality Results,https://catalog.data.gov/dataset/ground-water-water-quality-results
"Building Energy Benchmarking Data, 2015-Present",https://catalog.data.gov/dataset/building-energy-benchmarking-data-2015-present
AH Provisional Diabetes Death Counts for 2020,https://catalog.data.gov/dataset/ah-provisional-diabetes-death-counts-2020
MCSP Monarch and Plant Monitoring - SOP 3 Immature Monarch Butterfly and Plant 2018 Data,https://catalog.data.gov/dataset/mcsp-monarch-and-plant-monitoring-sop-3-immature-monarch-butterfly-and-plant-2018-data
Food Establishment Inspection Data,https://catalog.data.gov/dataset/food-establishment-inspection-data
Beach Weather Stations - Automated Sensors,https://catalog.data.gov/dataset/beach-weather-stations-automated-sensors
Underground Storage Tanks (USTs) - Facility and Tank Details,https://catalog.data.gov/dataset/underground-storage-tanks-usts-facility-and-tank-details
Federal Employee Viewpoint Survey (FEVS),https://catalog.data.gov/dataset/federal-employee-viewpoint-survey-fevs-2ddfc
Allegheny County Sheriff Sales,https://catalog.data.gov/dataset/allegheny-county-sheriff-sales
Access to Archival Databases (AAD),https://catalog.data.gov/dataset/access-to-archival-databases-aad
NYCCAS Air Pollution Rasters,https://catalog.data.gov/dataset/nyccas-air-pollution-rasters
"TIGER/Line Shapefile, 2022, State, Alabama, AL, 2020 Census Block",https://catalog.data.gov/dataset/tiger-line-shapefile-2022-state-alabama-al-2020-census-block
ODCR Overview,https://catalog.data.gov/dataset/odcr-overview
Demographics and profiles at the Neighborhood Tabulation Area (NTA) level,https://catalog.data.gov/dataset/demographics-and-profiles-at-the-neighborhood-tabulation-area-nta-level
Washington DC Boundary,https://catalog.data.gov/dataset/washington-dc-boundary
Patent Assignment Data for Academia and Researchers (1970 - 2021),https://catalog.data.gov/dataset/patent-assignment-data-for-academia-and-researchers-1970-2021
Auctions API,https://catalog.data.gov/dataset/auctions-api
"TIGER/Line Shapefile, Current, State, Florida, 2020 Census Block",https://catalog.data.gov/dataset/tiger-line-shapefile-current-state-florida-2020-census-block
"2020 Cartographic Boundary File (KML), Current County and Equivalent for United States, 1:500,000",https://catalog.data.gov/dataset/2020-cartographic-boundary-file-kml-current-county-and-equivalent-for-united-states-1-500000
Health Care Cost Growth,https://catalog.data.gov/dataset/health-care-cost-growth
Veterans Affairs Surgical Quality Improvement Program (VASQIP),https://catalog.data.gov/dataset/veterans-affairs-surgical-quality-improvement-program-vasqip
NIST Reference Fluid Thermodynamic and Transport Properties Database (REFPROP) Version 9 - SRD 23,https://catalog.data.gov/dataset/nist-reference-fluid-thermodynamic-and-transport-properties-database-refprop-version-9-srd-92ba8
Police Department Incident Reports: 2018 to Present,https://catalog.data.gov/dataset/police-department-incident-reports-2018-to-present
"Fish Detection AI, sonar image-trained detection, counting, tracking models",https://catalog.data.gov/dataset/fish-detection-ai-sonar-image-trained-detection-counting-tracking-models
"Consumption-Based Emissions Inventory Summaries for Selected U.S. States, 2012-2019",https://catalog.data.gov/dataset/consumption-based-emissions-inventory-summaries-for-selected-u-s-states-2012-2019
Density of Cetaceans and Turtles in the Gulf of Mexico,https://catalog.data.gov/dataset/density-of-cetaceans-and-turtles-in-the-gulf-of-mexico
"2022 Cartographic Boundary File (KML), United States, 1:5,000,000",https://catalog.data.gov/dataset/2022-cartographic-boundary-file-kml-united-states-1-5000000
Census Demographics at the Neighborhood Tabulation Area (NTA) level,https://catalog.data.gov/dataset/census-demographics-at-the-neighborhood-tabulation-area-nta-level
U.S. International Air Travel Statistics (I-92 data) Program,https://catalog.data.gov/dataset/u-s-international-air-travel-statistics-i-92-data-program
Crime Incidents in 2023,https://catalog.data.gov/dataset/crime-incidents-in-2023
Prediction of Cattle Fever Tick Outbreaks in United States Quarantine Zone,https://catalog.data.gov/dataset/prediction-of-cattle-fever-tick-outbreaks-in-united-states-quarantine-zone-efbc3
2.13 Employee Engagement (overall),https://catalog.data.gov/dataset/2-13-employee-engagement-overall-4f184
TDEI Usage Statistics,https://catalog.data.gov/dataset/tdei-usage-statistics
Shooting Victims,https://catalog.data.gov/dataset/shooting-victims
CalEnviroScreen 2.0,https://catalog.data.gov/dataset/calenviroscreen-2-0
Dog Parks,https://catalog.data.gov/dataset/dog-parks
"SDOH Measures for Census Tract, ACS 2017-2021",https://catalog.data.gov/dataset/sdoh-measures-for-census-tract-acs-2017-2021
TTB Public COLA Registry Search and Download – Extract data about COLAs that meet specified search criteria,https://catalog.data.gov/dataset/ttb-public-cola-registry-search-and-download-extract-data-about-colas-that-meet-specified--cafd3
Entertainment Sports Gambling Restriction Zones,https://catalog.data.gov/dataset/entertainment-sports-gambling-restriction-zones
RACT/BACT/LAER Clearninghouse (RBLC),https://catalog.data.gov/dataset/ract-bact-laer-clearninghouse-rblc
Commuting Zones and Labor Market Areas,https://catalog.data.gov/dataset/commuting-zones-and-labor-market-areas
Education Longitudinal Study of 2002,https://catalog.data.gov/dataset/education-longitudinal-study-of-2002-b88d0
"2020 Cartographic Boundary File (KML), Current American Indian/Alaska Native/Native Hawaiian Areas for United States, 1:500,000",https://catalog.data.gov/dataset/2020-cartographic-boundary-file-kml-current-american-indian-alaska-native-native-hawaiian-areas
Mobile Home Parks,https://catalog.data.gov/dataset/mobile-home-parks
Non-Traffic Citations,https://catalog.data.gov/dataset/non-traffic-citations
"TIGER/Line Shapefile, 2022, County, San Francisco County, CA, All Lines",https://catalog.data.gov/dataset/tiger-line-shapefile-2022-county-san-francisco-county-ca-all-lines
Nursing Workforce Survey Data (National Sample Survey of Registered Nurses),https://catalog.data.gov/dataset/nursing-workforce-survey-data-national-sample-survey-of-registered-nurses
911 Master PSAP Registry,https://catalog.data.gov/dataset/911-master-psap-registry
MD COVID-19 - Confirmed Deaths by Age Distribution,https://catalog.data.gov/dataset/md-covid-19-confirmed-deaths-by-age-distribution
List of Contaminated or Potentially Contaminated Sites - Remediation Division,https://catalog.data.gov/dataset/list-of-contaminated-or-potentially-contaminated-sites-remediation-division
Libraries - 2024 Circulation by Location,https://catalog.data.gov/dataset/libraries-2024-circulation-by-location
South America Geologic Map (geo6ag),https://catalog.data.gov/dataset/south-america-geologic-map-geo6ag
ICLUS v2.1.1 land use projections for SSP2 and RCP4.5 pathways,https://catalog.data.gov/dataset/iclus-v2-1-1-land-use-projections-for-ssp2-and-rcp4-5-pathways13
"Residential Energy Consumption Survey (RECS) Files, Energy Consumption, 2009",https://catalog.data.gov/dataset/residential-energy-consumption-survey-recs-files-energy-consumption-2009
Hazardous Substances Data Bank (HSDB),https://catalog.data.gov/dataset/hazardous-substances-data-bank-hsdb-28053
NIST-JANAF Thermochemical Tables - SRD 13,https://catalog.data.gov/dataset/nist-janaf-thermochemical-tables-srd-13-a59d1
Food-a-pedia,https://catalog.data.gov/dataset/food-a-pedia
AH Provisional COVID-19 Deaths by Hospital Referral Region,https://catalog.data.gov/dataset/ah-provisional-covid-19-deaths-by-hospital-referral-region-fceab
Electric Vehicle Population Size History,https://catalog.data.gov/dataset/electric-vehicle-population-size-history
USAID Inventory of AI Use Cases 2023 (Dataset),https://catalog.data.gov/dataset/usaid-inventory-of-ai-use-cases-2023-dataset
LA County COVID Cases,https://catalog.data.gov/dataset/la-county-covid-cases
CDC WONDER: Births,https://catalog.data.gov/dataset/cdc-wonder-births
Car Allowance Rebate System (CARS) - Purchased Vehicles - Purchased Vehicles xls file,https://catalog.data.gov/dataset/car-allowance-rebate-system-cars-purchased-vehicles-purchased-vehicles-xls-file
"TIGER/Line Shapefile, 2021, County, Mackinac County, MI, All Roads",https://catalog.data.gov/dataset/tiger-line-shapefile-2021-county-mackinac-county-mi-all-roads
Geologic Faults of Afghanistan (fltafg),https://catalog.data.gov/dataset/geologic-faults-of-afghanistan-fltafg
ABS Store Inventory and Sale Items,https://catalog.data.gov/dataset/abs-store-inventory-and-sale-items
Population Estimates: National Monthly Population,https://catalog.data.gov/dataset/population-estimates-national-monthly-population
COVID-19 Reported Patient Impact and Hospital Capacity by State Timeseries (RAW),https://catalog.data.gov/dataset/covid-19-reported-patient-impact-and-hospital-capacity-by-state-timeseries-cf58c
CDC WONDER API for Data Query Web Service,https://catalog.data.gov/dataset/wide-ranging-online-data-for-epidemiologic-research-wonder
"Minority Business Enterprise: Statewide Directory - MBE, DBE (Disadvantaged Business Enterprise), SBE (Small Business Enterprise), and ACDBE (Airport Concession Disadvantaged Enterprise) Certified Businesses Link",https://catalog.data.gov/dataset/minority-business-enterprise-statewide-directory-mbe-dbe-disadvantaged-business-enterprise
Mars orbital image (HiRISE) labeled data set version 3,https://catalog.data.gov/dataset/mars-orbital-image-hirise-labeled-data-set-version-3-7a019
Social Vulnerability Index (SoVI) for the U.S. Coastal States based on the 2010 Census Tracts,https://catalog.data.gov/dataset/social-vulnerability-index-sovi-for-the-u-s-coastal-states-based-on-the-2010-census-tracts1
"Collection
            
National Motor Vehicle Crash Causation Survey (NMVCCS)",https://catalog.data.gov/dataset/national-motor-vehicle-crash-causation-survey-nmvccs
Do Not Call (DNC) Reported Calls Data - API,https://catalog.data.gov/dataset/do-not-call-dnc-reported-calls-data-api
Local Area Unemployment Statistics (LAUS),https://catalog.data.gov/dataset/local-area-unemployment-statistics-laus
Conservation Reserve Program Acreage by County,https://catalog.data.gov/dataset/conservation-reserve-program-acreage-by-county
NYS Traffic Data Viewer,https://catalog.data.gov/dataset/nys-traffic-data-viewer
"FERC Form 1 Electric Utility Cost, Energy Sales, Peak Demand, and Customer Count Data 1994-2019",https://catalog.data.gov/dataset/ferc-form-1-electric-utility-cost-energy-sales-peak-demand-and-customer-count-data-1994-20
Supplemental Nutrition Assistance Program Participation and Cost Data,https://catalog.data.gov/dataset/supplemental-nutrition-assistance-program-participation-and-cost-data
Winners List of Texas Lottery® Prizes,https://catalog.data.gov/dataset/winners-list-of-texas-lottery-prizes
National Animal Health Monitoring System,https://catalog.data.gov/dataset/national-animal-health-monitoring-system
"TIGER/Line Shapefile, Current, State, Texas, Census Tract",https://catalog.data.gov/dataset/tiger-line-shapefile-current-state-texas-census-tract
"School Learning Modalities, 2021-2022",https://catalog.data.gov/dataset/school-learning-modalities
SHIP Suicide Rate 2009-2021,https://catalog.data.gov/dataset/ship-suicide-rate-2009-2017
"Marine Mammal Food Habits Reference Collection, 1995-2018",https://catalog.data.gov/dataset/marine-mammal-food-habits-reference-collection-1995-20181
CGB - Consumer Complaints Data,https://catalog.data.gov/dataset/cgb-consumer-complaints-data
Pavement Condition Index,https://catalog.data.gov/dataset/pavement-condition-index-2019
Annual Economic Surveys: Business Patterns: Zipcode Business Patterns,https://catalog.data.gov/dataset/annual-economic-surveys-business-patterns-zipcode-business-patterns-cf7dd
Learning Resources Database,https://catalog.data.gov/dataset/learning-resources-database-f3a5b
Public Housing Agency,https://catalog.data.gov/dataset/public-housing-agency-pha-inventory
"U.S. State Life Expectancy by Sex, 2021",https://catalog.data.gov/dataset/u-s-state-life-expectancy-by-sex-2021
Algorithmic Tools Compliance Report,https://catalog.data.gov/dataset/algorithmic-tools-compliance-report
PEPFAR Panorama Spotlight,https://catalog.data.gov/dataset/pepfar-panorama-spotlight
Violence Reduction - Victims of Homicides and Non-Fatal Shootings,https://catalog.data.gov/dataset/violence-reduction-victims-of-homicides-and-non-fatal-shootings
Turfgrass Soil Carbon Change Through Time: Raw Data and Code,https://catalog.data.gov/dataset/turfgrass-soil-carbon-change-through-time-raw-data-and-code-1dd62
"Adult Tobacco Consumption In The U.S., 2000-Present",https://catalog.data.gov/dataset/adult-tobacco-consumption-in-the-u-s-2000-present
Local Air Quality,https://catalog.data.gov/dataset/local-air-quality
Predictive soil property map: Soil pH,https://catalog.data.gov/dataset/predictive-soil-property-map-soil-ph
FCC Universal Licensing System (ULS),https://catalog.data.gov/dataset/fcc-universal-licensing-system-uls
Wastewater Testing COVID-19 Results (Public View),https://catalog.data.gov/dataset/wastewater-testing-covid-19-results-public-view
Geocoded Disasters (GDIS) Dataset,https://catalog.data.gov/dataset/geocoded-disasters-gdis-dataset-88145
CDC WONDER: Mortality - Multiple Cause of Death,https://catalog.data.gov/dataset/cdc-wonder-mortality-multiple-cause-of-death
Soil erosion and organic matter for central Great Plains cropping systems under residue removal,https://catalog.data.gov/dataset/soil-erosion-and-organic-matter-for-central-great-plains-cropping-systems-under-residue-re-e2778
Gas Stations,https://catalog.data.gov/dataset/gas-stations-6f32e
Brook and Brown Trout Survival In a North-Central Pennsylvania Watershed,https://catalog.data.gov/dataset/brook-and-brown-trout-survival-in-a-north-central-pennsylvania-watershed
SaferBus API - Documentation,https://catalog.data.gov/dataset/saferbus-api-documentation
Toxic Substances Control Act (TSCA) 8(e) Notices and FYI Submissions,https://catalog.data.gov/dataset/toxic-substances-control-act-tsca-8e-notices-and-fyi-submissions
Historical monthly production disposition of U.S. natural resources revenue,https://catalog.data.gov/dataset/historical-monthly-production-disposition-of-u-s-natural-resources-revenue
"TIGER/Line Shapefile, Current, State, Georgia, Census Tract",https://catalog.data.gov/dataset/tiger-line-shapefile-current-state-georgia-census-tract
"TIGER/Line Shapefile, 2021, State, Arizona, Places",https://catalog.data.gov/dataset/tiger-line-shapefile-2021-state-arizona-places
MTA Subway Hourly Ridership: 2020-2024,https://catalog.data.gov/dataset/mta-subway-hourly-ridership-beginning-february-2022
"Hospital Inpatient - Diagnosis, Procedure, and External Cause Codes",https://catalog.data.gov/dataset/hospital-inpatient-diagnosis-procedure-and-external-cause-codes-e9224
"National Coral Reef Monitoring Program: Coral demographic data (adult and juvenile corals, species, colony length, condition, etc.) collected during Stratified Random Surveys (StRS) across the US Pacific since 2013 derived from in-situ diver surveys and structure-from-motion imagery",https://catalog.data.gov/dataset/national-coral-reef-monitoring-program-coral-demographic-data-adult-and-juvenile-corals-species1
Raw data for urban trees in California communities,https://catalog.data.gov/dataset/raw-data-for-urban-trees-in-california-communities-cb807
"Collection
            
Survey of Prison Inmates (SPI) Series (Formerly Survey of Inmates in State and Federal Correctional Facilities (SISFCF))",https://catalog.data.gov/dataset/survey-of-inmates-of-state-and-federal-correctional-facilities-series-6f15d
"TIGER/Line Shapefile, Current, State, California, Unified School Districts",https://catalog.data.gov/dataset/tiger-line-shapefile-current-state-california-unified-school-districts
Retail Sales and Retail Use Business Registrations,https://catalog.data.gov/dataset/retail-sales-and-retail-use-business-registrations
Suspicious Activity Report Statistics (SAR Stats),https://catalog.data.gov/dataset/suspicious-activity-report-statistics-sar-stats
Medicare Part D Prescribers - by Provider,https://catalog.data.gov/dataset/medicare-part-d-prescribers-by-provider-a2fc0
"National Land Cover Database (NLCD) Impervious Products

            NGDA",https://catalog.data.gov/dataset/national-land-cover-database-nlcd-2021-impervious-products
EPA Facility Registry Service (FRS): Wastewater Treatment Plants,https://catalog.data.gov/dataset/epa-facility-registry-service-frs-wastewater-treatment-plants18
Social Security  Average Wage Indices,https://catalog.data.gov/dataset/social-security-average-wage-indices
"TIGER/Line Shapefile, 2021, County, Chippewa County, MI, All Roads",https://catalog.data.gov/dataset/tiger-line-shapefile-2021-county-chippewa-county-mi-all-roads
LEGO Diorama Images,https://catalog.data.gov/dataset/lego-diorama-images
Clery Act Reports,https://catalog.data.gov/dataset/clery-act-reports-8a25a
CDC WONDER: Mortality - Multiple Cause of Death,https://catalog.data.gov/dataset/cdc-wonder-mortality-multiple-cause-of-death-cfe55
Football Fields,https://catalog.data.gov/dataset/football-fields
USGS 1 arc-second Digital Elevation Model,https://catalog.data.gov/dataset/usgs-1-arc-second-digital-elevation-model
Greenhouse Gas Emissions,https://catalog.data.gov/dataset/greenhouse-gas-emissions
Coastal Flood Hazard Composite Layer for the Coastal Flood Exposure Mapper,https://catalog.data.gov/dataset/coastal-flood-hazard-composite-layer-for-the-coastal-flood-exposure-mapper1
"Patient Characteristics Survey (PCS) 2022: Persons Served by Survey Year, Region of Provider, Gender, Age Group and Race/Ethnicity",https://catalog.data.gov/dataset/patient-characteristics-survey-pcs-2022-persons-served-by-survey-year-region-of-provider-g
Central Line-Associated Bloodstream infections (CLABSI) in California Hospitals,https://catalog.data.gov/dataset/central-line-associated-bloodstream-infections-clabsi-in-california-hospitals-4609f
"National Assessment of Educational Progress, 2012",https://catalog.data.gov/dataset/national-assessment-of-educational-progress-2012-f0788
Executive Orders from 1994-Present,https://catalog.data.gov/dataset/executive-orders-from-1994-present
United States Documented Unplugged Orphaned Oil and Gas Well Dataset,https://catalog.data.gov/dataset/united-states-documented-unplugged-orphaned-oil-and-gas-well-dataset
Third Generation Simulation Data (TGSIM) Foggy Bottom Trajectories,https://catalog.data.gov/dataset/third-generation-simulation-data-tgsim-foggy-bottom-trajectories
Electricity Data: Net Generation from Electricity Plants Application Programming Interface (API),https://catalog.data.gov/dataset/electricity-data-net-generation-from-electricity-plants-application-programming-interface-
"TIGER/Line Shapefile, 2021, County, Harris County, TX, All Roads",https://catalog.data.gov/dataset/tiger-line-shapefile-2021-county-harris-county-tx-all-roads
NIST ITS-90 Thermocouple Database - SRD 60,https://catalog.data.gov/dataset/nist-its-90-thermocouple-database-srd-60-5a771
"Monthly Provisional Counts of Deaths by Select Causes, 2020-2023",https://catalog.data.gov/dataset/monthly-counts-of-deaths-by-select-causes-2020-2021-2785a
MetaMap,https://catalog.data.gov/dataset/metamap-6adac
West Africa Land Use Land Cover Time Series,https://catalog.data.gov/dataset/west-africa-land-use-land-cover-time-series
OpenStreetMap (Blueprint),https://catalog.data.gov/dataset/openstreetmap-blueprint-653c6
Medi Cal FFS Provider Listing,https://catalog.data.gov/dataset/medi-cal-ffs-provider-listing-2bdf1
"Weekly Provisional Counts of Deaths by State and Select Causes, 2020-2023",https://catalog.data.gov/dataset/weekly-counts-of-deaths-by-state-and-select-causes-2019-2020
State Online Query System (SOLQ),https://catalog.data.gov/dataset/state-online-query-system-solq
NIST Interatomic Potentials Repository,https://catalog.data.gov/dataset/nist-interatomic-potentials-repository-83d8d
Advanced Driver Assistance System (ADAS)-Equipped Single-Vehicle Data for Central Ohio,https://catalog.data.gov/dataset/advanced-driver-assistance-system-adas-equipped-single-vehicle-data-for-central-ohio
National Adult Tobacco Survey (NATS) Glossary and Methodology,https://catalog.data.gov/dataset/national-adult-tobacco-survey-nats-glossary-and-methodology
2024 Connecticut Parcel and CAMA Data,https://catalog.data.gov/dataset/2024-connecticut-parcel-and-cama-data
National USFS Final Fire Perimeter (Feature Layer),https://catalog.data.gov/dataset/national-usfs-final-fire-perimeter-feature-layer-80014
2011-12 Retention Estimations for Nation and by State,https://catalog.data.gov/dataset/2011-12-retention-estimations-for-nation-and-by-state-40104
Police Stations - Shapefiles,https://catalog.data.gov/dataset/police-stations-shapefiles
"Airfoil Computational Fluid Dynamics - 9k shapes, 2 AoA's",https://catalog.data.gov/dataset/airfoil-computational-fluid-dynamics-9k-shapes-2-aoas
NADAC (National Average Drug Acquisition Cost) 2024,https://catalog.data.gov/dataset/nadac-national-average-drug-acquisition-cost-2024
Washington’s State Art Collection 2024-07-15,https://catalog.data.gov/dataset/washingtons-state-art-collection-2024-07-15
Product Data for Newly Reported Drugs in the Medicaid Drug Rebate Program 04-14-2025-to-04-20-2025,https://catalog.data.gov/dataset/product-data-for-newly-reported-drugs-in-the-medicaid-drug-rebate-program-04-14-2025-to-20
Zoning,https://catalog.data.gov/dataset/zoning-5b12a
Index for SCS 1934-1937 Aerial Photography,https://catalog.data.gov/dataset/index-for-scs-1934-1937-aerial-photography
"NLCD 2021 Land Cover California Subset

            NGDA",https://catalog.data.gov/dataset/nlcd-2021-land-cover-california-subset
Wine Statistics,https://catalog.data.gov/dataset/wine-statistics
Pediatric Emergency Department and Primary Care Visits (UPMC),https://catalog.data.gov/dataset/pediatric-emergency-department-and-primary-care-visits-upmc
"NNDSS - TABLE 1CC. Rabies, Animal to Rabies, Human",https://catalog.data.gov/dataset/nndss-table-1cc-rabies-animal-to-rabies-human
Fruit and Vegetable Market News Search,https://catalog.data.gov/dataset/fruit-and-vegetable-market-news-search
CDC Places Data by ZIP Code,https://catalog.data.gov/dataset/cdc-places-data-by-zip-code
"Prevalence of Selected Measures Among Adults Aged 20 and Over: United States, 1999-2000 through 2017-2018",https://catalog.data.gov/dataset/prevalence-of-selected-measures-among-adults-aged-20-and-over-united-states-1999-2000-2017-42e36
Environmental Quality Index,https://catalog.data.gov/dataset/environmental-quality-index
Randomized and Recommissioned Battery Dataset,https://catalog.data.gov/dataset/randomized-and-recommissioned-battery-dataset
Integrated Compliance Information System (ICIS),https://catalog.data.gov/dataset/integrated-compliance-information-system-icis
Calls for Service 2025,https://catalog.data.gov/dataset/calls-for-service-2025
Automated Traffic Volume Counts,https://catalog.data.gov/dataset/automated-traffic-volume-counts
"Tungsten Deposits in the United States (ver. 2.0, August 2020)",https://catalog.data.gov/dataset/tungsten-deposits-in-the-united-states-ver-2-0-august-2020
FHEO Filed Title VIII Cases,https://catalog.data.gov/dataset/fheo-filed-cases
Unemployment,https://catalog.data.gov/dataset/unemployment-8070d
USGS Groundwater Data for the Nation - National Water Information System (NWIS),https://catalog.data.gov/dataset/usgs-groundwater-data-for-the-nation-national-water-information-system-nwis
Synthetic Healthcare Database for Research (SyH-DR),https://catalog.data.gov/dataset/synthetic-healthcare-database-for-research-syh-dr
City of Sioux Falls Project NICE / KEEP Neighborhood Cleanup,https://catalog.data.gov/dataset/city-of-sioux-falls-project-nice-keep-neighborhood-cleanup-11ee7
"TIGER/Line Shapefile, 2020, Nation, U.S., 2010 5-Digit ZIP Code Tabulation Areas (ZCTA5)",https://catalog.data.gov/dataset/tiger-line-shapefile-2020-nation-u-s-2010-5-digit-zip-code-tabulation-areas-zcta5
MSHA - Mine Data Retrieval System (MDRS),https://catalog.data.gov/dataset/msha-mine-data-retrieval-system-mdrs
"Digital Surficial Geologic-GIS Map of Glacier National Park, Montana (NPS, GRD, GRI, GLAC, GLAC_surficial digital map) adapted from a U.S. Geological Survey Miscellaneous Investigations Series Map by Carrara (1990)",https://catalog.data.gov/dataset/digital-surficial-geologic-gis-map-of-glacier-national-park-montana-nps-grd-gri-glac-glac-
MTA NYCT Customer Engagement Statistics: 2017-2022,https://catalog.data.gov/dataset/mta-customer-engagement-statistics-beginning-may-2017
USEEIO v2.5 Models,https://catalog.data.gov/dataset/useeio-v2-5-models
"Early Childhood Longitudinal Study, Kindergarten Class of 2010-11",https://catalog.data.gov/dataset/early-childhood-longitudinal-study-kindergarten-class-of-2010-11-3fa4e
Grand Canyon National Park Trail GIS Dataset,https://catalog.data.gov/dataset/grand-canyon-national-park-trail-gis-dataset
Community Anchor Institutions API - Nation,https://catalog.data.gov/dataset/community-anchor-institutions-api-nation
Assistance Listings at beta.SAM.gov (formerly CFDA),https://catalog.data.gov/dataset/assistance-listings-at-beta-sam-gov-formerly-cfda
California aquatic environmental DNA,https://catalog.data.gov/dataset/california-aquatic-environmental-dna
General Manufacturing Facilities,https://catalog.data.gov/dataset/general-manufacturing-facilities
Juvenile Arrests,https://catalog.data.gov/dataset/juvenile-arrests-434b1
Urgent Care Facilities,https://catalog.data.gov/dataset/urgent-care-facilities
2015-16 Advanced Placement Total Enrollment Estimations,https://catalog.data.gov/dataset/2015-16-advanced-placement-total-enrollment-estimations-1a9ac
AmeriCorps Open Data Platform Asset Views and Downloads,https://catalog.data.gov/dataset/americorps-open-data-platform-asset-views-and-downloads
Fertilizer Use and Price,https://catalog.data.gov/dataset/fertilizer-use-and-price
My NASA Data,https://catalog.data.gov/dataset/my-nasa-data
Zip Code Lookup Table,https://catalog.data.gov/dataset/zip-code-lookup-table
EMAG2v3: Earth Magnetic Anomaly Grid (2-arc-minute resolution),https://catalog.data.gov/dataset/emag2v3-earth-magnetic-anomaly-grid-2-arc-minute-resolution2
Time Series International Trade: Monthly U.S. Imports by State and Harmonized System (HS) Code,https://catalog.data.gov/dataset/time-series-international-trade-monthly-u-s-imports-by-state-and-harmonized-system-hs-code
NYC Permitted Event Information - Historical,https://catalog.data.gov/dataset/nyc-permitted-event-information-historical
Vehicle Fuel Economy,https://catalog.data.gov/dataset/vehicle-fuel-economy
"TIGER/Line Shapefile, Current, State, Pennsylvania, Census Tract",https://catalog.data.gov/dataset/tiger-line-shapefile-current-state-pennsylvania-census-tract
Food Waste Recycling Participation,https://catalog.data.gov/dataset/food-waste-recycling-participation
NBER-CES Manufacturing Industry Database,https://catalog.data.gov/dataset/nber-ces-manufacturing-industry-database
California Medicaid Eligibility Groups by Medi-Cal Aid Code,https://catalog.data.gov/dataset/california-medicaid-eligibility-groups-by-medi-cal-aid-code-a60db
Active Multifamily Portfolio-Property Level Data,https://catalog.data.gov/dataset/active-multifamily-portfolio-property-level-data
Generalized Geology of Southeast Asia (geo3bl),https://catalog.data.gov/dataset/generalized-geology-of-southeast-asia-geo3bl
"Vehicle, Snowmobile, and Boat Registrations",https://catalog.data.gov/dataset/vehicle-snowmobile-and-boat-registrations
"TIGER/Line Shapefile, 2023, State, Ohio, Primary and Secondary Roads",https://catalog.data.gov/dataset/tiger-line-shapefile-2023-state-ohio-primary-and-secondary-roads
EPA Tribes (1 of 6) : Alaska Native Allotments,https://catalog.data.gov/dataset/epa-tribes-1-of-6-alaska-native-allotments12
Most Popular Baby Names,https://catalog.data.gov/dataset/most-popular-baby-names-810d5
FDA Adverse Event Reporting System (FAERS): Latest Quartely Data Files,https://catalog.data.gov/dataset/fda-adverse-event-reporting-system-faers-latest-quartely-data-files
2021 HEALTH MISINFORMATION DATASET,https://catalog.data.gov/dataset/2021-health-misinformation-dataset
BLM Natl MLRS Mining Claims - Not Closed,https://catalog.data.gov/dataset/blm-natl-mlrs-mining-claims-not-closed-50761
HCUP Kids' Inpatient Database (KID) - Restricted Access File,https://catalog.data.gov/dataset/hcup-kids-inpatient-database-kid-restricted-access-file
Data from: Population dynamics of an invasive forest insect and associated natural enemies in the aftermath of invasion,https://catalog.data.gov/dataset/data-from-population-dynamics-of-an-invasive-forest-insect-and-associated-natural-enemies--cb1db
Real-World Fuel Efficiency,https://catalog.data.gov/dataset/real-world-fuel-efficiency
NADAC (National Average Drug Acquisition Cost) 2025,https://catalog.data.gov/dataset/nadac-national-average-drug-acquisition-cost-2025
National USFS Fire Perimeter (Feature Layer),https://catalog.data.gov/dataset/national-usfs-fire-perimeter-feature-layer-bb7cd
Capital Projects,https://catalog.data.gov/dataset/capital-projects
GSA eLibrary Schedules and Contracts,https://catalog.data.gov/dataset/gsa-elibrary-schedules-and-contracts
"PLACES: Census Tract Data (GIS Friendly Format), 2024 release",https://catalog.data.gov/dataset/places-census-tract-data-gis-friendly-format-2020-release-fb1ec
Uniform Commercial Code (UCC) Lien Filings,https://catalog.data.gov/dataset/uniform-commercial-code-ucc-lien-filings-rev3-2020
Veterans Affairs Central Cancer Registry (VACCR),https://catalog.data.gov/dataset/veterans-affairs-central-cancer-registry-vaccr
"Collection
            
Juvenile Court Statistics Series",https://catalog.data.gov/dataset/juvenile-court-statistics-series-bf358
1 Arc-second Digital Elevation Models (DEMs) - USGS National Map 3DEP Downloadable Data Collection,https://catalog.data.gov/dataset/1-arc-second-digital-elevation-models-dems-usgs-national-map-3dep-downloadable-data-collec
Surface Geology of Bangladesh (geo8bg),https://catalog.data.gov/dataset/surface-geology-of-bangladesh-geo8bg
Post-Traumatic Stress Disorder (PTSD) for Providers,https://catalog.data.gov/dataset/post-traumatic-stress-disorder-ptsd-for-providers
Child Mental Health Treatment,https://catalog.data.gov/dataset/child-mental-health-treatment
Traffic Crashes - Vehicles,https://catalog.data.gov/dataset/traffic-crashes-vehicles
Asthma ED Visit Rates (LGHC Indicator),https://catalog.data.gov/dataset/asthma-ed-visit-rates-lghc-indicator-282a9
Capital Project Schedules and Budgets,https://catalog.data.gov/dataset/capital-project-schedules-and-budgets
"Quarterly Prescription Drug Plan Formulary, Pharmacy Network, and Pricing Information",https://catalog.data.gov/dataset/quarterly-prescription-drug-plan-formulary-pharmacy-network-and-pricing-information
Prime Meridian,https://catalog.data.gov/dataset/prime-meridian
Public Library Survey (PLS) 2019,https://catalog.data.gov/dataset/public-library-survey-pls-2019
Parking Violations Issued in January 2025,https://catalog.data.gov/dataset/parking-violations-issued-in-january-2025
Certificate of Occupancy,https://catalog.data.gov/dataset/certificate-of-occupancy
Directory Of Homeless Population By Year,https://catalog.data.gov/dataset/directory-of-homeless-population-by-year
Postsecondary School Locations 2022-23,https://catalog.data.gov/dataset/postsecondary-school-locations-2022-23-f8115
American Community Survey: 5-Year Estimates: Data Profiles 5-Year,https://catalog.data.gov/dataset/american-community-survey-5-year-estimates-data-profiles-5-year
NGC 2264 Chandra X-Ray Point Source Catalog,https://catalog.data.gov/dataset/ngc-2264-chandra-x-ray-point-source-catalog
Black Hole-Black Hole Waveform Catalog,https://catalog.data.gov/dataset/black-hole-black-hole-waveform-catalog
Agricultural Finance Databook,https://catalog.data.gov/dataset/agricultural-finance-databook
Canadian Travel to the U.S. (Canadian Statistics) Program,https://catalog.data.gov/dataset/canadian-travel-to-the-u-s-canadian-statistics-program
"Nenana Ice Classic: Tanana River Ice Annual Breakup Dates, Version 2",https://catalog.data.gov/dataset/nenana-ice-classic-tanana-river-ice-annual-breakup-dates-version-2-3833c
Declaration Denials,https://catalog.data.gov/dataset/declaration-denials-nemis
Global Forecast System (GFS) [1 Deg.],https://catalog.data.gov/dataset/global-forecast-system-gfs-1-deg2
Global Geochemical Database for Critical Minerals in Archived Mine Samples,https://catalog.data.gov/dataset/global-geochemical-database-for-critical-minerals-in-archived-mine-samples
Unemployment Insurance Claims,https://catalog.data.gov/dataset/unemployment-insurance-claims
ACS-ED 2013-2017 Total Population: Demographic Characteristics (DP05),https://catalog.data.gov/dataset/acs-ed-2013-2017-total-population-demographic-characteristics-dp05-7a484
Speed Test API - Nation,https://catalog.data.gov/dataset/speed-test-api-nation
Product Data for Newly Reported Drugs in the Medicaid Drug Rebate Program 04-07-2025-to-04-13-2025,https://catalog.data.gov/dataset/product-data-for-newly-reported-drugs-in-the-medicaid-drug-rebate-program-04-07-2025-to-13
"SDG Indicator 9.1.1: Rural Access Index (RAI), 2023 Release",https://catalog.data.gov/dataset/sdg-indicator-9-1-1-rural-access-index-rai-2023-release
"Collection
            
Disability Analysis File (DAF) - Public Use File (PUF) Data Collection",https://catalog.data.gov/dataset/disability-analysis-file-daf-public-use-file-puf-data-collection
Hospital Emergency Department - Encounters by Facility,https://catalog.data.gov/dataset/hospital-emergency-department-encounters-by-facility-3491f
Lottery Annual Retailer Sales (By Game): 2022-2023,https://catalog.data.gov/dataset/lottery-annual-retailer-sales-by-game-2022-2023
"NCEI/WDS Global Historical Tsunami Database, 2100 BC to Present",https://catalog.data.gov/dataset/ncei-wds-global-historical-tsunami-database-2100-bc-to-present1
Monthly Motor Fuel Sales Reported by States: Selected Data from FHWA Monthly Motor Fuel Report,https://catalog.data.gov/dataset/monthly-motor-fuel-sales-reported-by-states-selected-data-from-fhwa-monthly-motor-fuel-rep
"Collection
            
TIGERweb, 2017, Series Information for the TIGERweb, Web Mapping Service and REST files",https://catalog.data.gov/dataset/tigerweb-2017-series-information-for-the-tigerweb-web-mapping-service-and-rest-files
Residential Average Monthly kWh and Bills,https://catalog.data.gov/dataset/residential-average-monthly-kwh-and-bills
Good Food Purchasing Data,https://catalog.data.gov/dataset/good-food-purchasing-data
"TIGER/Line Shapefile, Current, State, Louisiana, Census Tract",https://catalog.data.gov/dataset/tiger-line-shapefile-current-state-louisiana-census-tract
Federal Student Loan Program Data,https://catalog.data.gov/dataset/federal-student-loan-program-data-8fe9c
Global Ecology Coral reef Dataset (Sully et al. 2019),https://catalog.data.gov/dataset/global-ecology-coral-reef-dataset-sully-et-al-2019
"TIGER/Line Shapefile, 2021, State, New York, Block Groups",https://catalog.data.gov/dataset/tiger-line-shapefile-2021-state-new-york-block-groups
Toxicology Information Online (TOXLINE) (RETIRED),https://catalog.data.gov/dataset/toxicology-information-online-toxline-6bec8
Adoption of Genetically Engineered Crops in the U.S.,https://catalog.data.gov/dataset/adoption-of-genetically-engineered-crops-in-the-u-s
"Understanding the Causes of School Violence Using Open Source Data, United States, 1990-2016",https://catalog.data.gov/dataset/understanding-the-causes-of-school-violence-using-open-source-data-united-states-1990-2016-3f99c
Timber Harvests (Feature Layer),https://catalog.data.gov/dataset/timber-harvests-feature-layer-ea8be
U.S. Navy Enlisted Classification Codes,https://catalog.data.gov/dataset/u-s-navy-enlisted-classification-codes
Tree Location,https://catalog.data.gov/dataset/tree-location
EnviroAtlas - NatureServe Analysis of Imperiled or Federally Listed Species by HUC-12 for the Conterminous United States,https://catalog.data.gov/dataset/enviroatlas-natureserve-analysis-of-imperiled-or-federally-listed-species-by-huc-12-for-the-con4
"Landbird Monitoring for the Northern Colorado Plateau Network, 2005-2023 - Data Package",https://catalog.data.gov/dataset/landbird-monitoring-for-the-northern-colorado-plateau-network-2005-2023-data-package
Somerville Happiness Survey Responses,https://catalog.data.gov/dataset/somerville-happiness-survey-responses-4fe50
Health Insurance Marketplace: Summary Enrollment Data for the Initial Annual Open Enrollment Period,https://catalog.data.gov/dataset/health-insurance-marketplace-summary-enrollment-data-for-the-initial-annual-open-enrollmen
Quality Time for Students: Learning In and Out of School,https://catalog.data.gov/dataset/quality-time-for-students-learning-in-and-out-of-school
Campaign Financial Contributions,https://catalog.data.gov/dataset/campaign-financial-contributions-023f6
"Near-Real Time Surface Ocean Velocity, Hawaii, 6 km Resolution",https://catalog.data.gov/dataset/near-real-time-surface-ocean-velocity-hawaii-6-km-resolution
Award Exploration Tool,https://catalog.data.gov/dataset/award-exploration-tool
Illinois Obesity By County,https://catalog.data.gov/dataset/illinois-obesity-by-county-c40b7
Outgassing Db,https://catalog.data.gov/dataset/outgassing-db
Major Sport Venues,https://catalog.data.gov/dataset/major-sport-venues
"Spill Incidents from July 1, 2022 to Recent for Download",https://catalog.data.gov/dataset/spill-incidents-from-fy-2022-to-recent-for-download
Stolen Guns,https://catalog.data.gov/dataset/stolen-guns-b43e8
Water quality surveys in Culebra: comprehensive assessment of physical and chemical water characteristics 2023-02-08 to 2025-01-13,https://catalog.data.gov/dataset/water-quality-surveys-in-culebra-comprehensive-assessment-of-physical-and-chemical-water-01-13
Land Use Inventory Detailed,https://catalog.data.gov/dataset/land-use-inventory-detailed-5109d
Time Series Economic Indicators Time Series -: Advance Monthly Sales for Retail and Food Services,https://catalog.data.gov/dataset/time-series-economic-indicators-time-series-advance-monthly-sales-for-retail-and-food-serv
Facilities Database,https://catalog.data.gov/dataset/facilities-database
Taxi Trips (2024-),https://catalog.data.gov/dataset/taxi-trips-2024
Actuarial Information Browser,https://catalog.data.gov/dataset/actuarial-information-browser
EnviroAtlas – Potential Wetland Area on Cultivated Cropland Area for the Conterminous United States,https://catalog.data.gov/dataset/enviroatlas-potential-wetland-area-on-cultivated-cropland-area-for-the-conterminous-united-stat2
COVID-19 Cases and Deaths by Age Group - ARCHIVE,https://catalog.data.gov/dataset/covid-19-cases-and-deaths-by-age-group
"TIGER/Line Shapefile, Current, County, Austin County, TX, All Roads",https://catalog.data.gov/dataset/tiger-line-shapefile-current-county-austin-county-tx-all-roads
U.S. Congressional Districts,https://catalog.data.gov/dataset/u-s-congressional-districts-91554
Allegheny County Property Sale Transactions,https://catalog.data.gov/dataset/allegheny-county-property-sale-transactions
USEEIO State Models v1.0 for 2020,https://catalog.data.gov/dataset/useeio-state-models-v1-0-for-2020
United States Geothermal Supply Curves 2024,https://catalog.data.gov/dataset/united-states-geothermal-supply-curves-2024
"Percent Household Income $50,000 to $74,999",https://catalog.data.gov/dataset/percent-household-income-50000-to-74999-8a963
Domestic Violence Homicide Incidents in the Ten Largest U.S. Cities,https://catalog.data.gov/dataset/domestic-violence-homicide-incidents-in-the-ten-largest-u-s-cities
"Census Data - Selected socioeconomic indicators in Chicago, 2008 – 2012",https://catalog.data.gov/dataset/census-data-selected-socioeconomic-indicators-in-chicago-2008-2012
E-Verify,https://catalog.data.gov/dataset/e-verify
NCHS - VSRR Quarterly provisional estimates for selected indicators of mortality,https://catalog.data.gov/dataset/nchs-vsrr-quarterly-provisional-estimates-for-selected-indicators-of-mortality
CDC WONDER: Sexually Transmitted Disease (STD) Morbidity,https://catalog.data.gov/dataset/cdc-wonder-sexually-transmitted-disease-std-morbidity-3c1c4
"Maritime Limits and Boundaries of United States of America

            NGDA",https://catalog.data.gov/dataset/maritime-limits-and-boundaries-of-united-states-of-america1
Monthly Prescription Drug Plan Formulary and Pharmacy Network Information,https://catalog.data.gov/dataset/monthly-prescription-drug-plan-formulary-and-pharmacy-network-information
Basketball Court Points,https://catalog.data.gov/dataset/basketball-court-points
"National Assessment of Educational Progress, 2016",https://catalog.data.gov/dataset/national-assessment-of-educational-progress-2016-1fcb4
Collecting Taxes Database - Administrative Data,https://catalog.data.gov/dataset/collecting-taxes-database-administrative-data-fc1b1
"TIGER/Line Shapefile, 2022, State, Texas, Primary and Secondary Roads",https://catalog.data.gov/dataset/tiger-line-shapefile-2022-state-texas-primary-and-secondary-roads
"Tides and Currents Map: an interactive map of all CO-OPS stations

            NGDA",https://catalog.data.gov/dataset/tides-and-currents-map-an-interactive-map-of-all-co-ops-stations1
Bicycle & Pedestrian Counts,https://catalog.data.gov/dataset/bicycle-pedestrian-counts
School Neighborhood Poverty Estimates - Current,https://catalog.data.gov/dataset/school-neighborhood-poverty-estimates-current-eb8bb
Wage and Hour Division Compliance Action Data,https://catalog.data.gov/dataset/wage-and-hour-division-compliance-action-data-92329
Hunting and Fishing License Sales Volume,https://catalog.data.gov/dataset/hunting-and-fishing-license-sales-volume
NOAA Next Generation Radar (NEXRAD) Level 3 Products,https://catalog.data.gov/dataset/noaa-next-generation-radar-nexrad-level-3-products1
JPL Small Body Database Browser,https://catalog.data.gov/dataset/jpl-small-body-database-browser
"Provisional COVID-19 Death Counts by Age in Years, 2020-2023",https://catalog.data.gov/dataset/provisional-covid-19-deaths-counts-by-age-in-years
NCHS - Teen Birth Rates for Age Group 15-19 in the United States by County,https://catalog.data.gov/dataset/nchs-teen-birth-rates-for-age-group-15-19-in-the-united-states-by-county
NIST Computational Chemistry Comparison and Benchmark Database - SRD 101,https://catalog.data.gov/dataset/nist-computational-chemistry-comparison-and-benchmark-database-srd-101-e19c1
"Galapagos Islands, Ecuador 3 sec Digital Elevation Model",https://catalog.data.gov/dataset/galapagos-islands-ecuador-3-sec-digital-elevation-model1
L.A. Zoo Attendance,https://catalog.data.gov/dataset/l-a-zoo-attendance
Hospital Emergency Department - Characteristics by Facility (Pivot Profile),https://catalog.data.gov/dataset/hospital-emergency-department-characteristics-by-facility-pivot-profile-cd43a
MTA Congestion Relief Zone Vehicle Entries: Beginning 2025,https://catalog.data.gov/dataset/mta-congestion-relief-zone-vehicle-entries-beginning-2025
Depository Institutions: Mortgage and Consumer Loan Portfolios by Probability of Default,https://catalog.data.gov/dataset/depository-institutions-mortgage-and-consumer-loan-portfolios-by-probability-of-default
BEA Interactive Data Application,https://catalog.data.gov/dataset/bea-itables-903ff
Louisville Metro KY - Animal Service Intake and Outcome,https://catalog.data.gov/dataset/louisville-metro-ky-animal-service-intake-and-outcome
Pesticide Product Label System,https://catalog.data.gov/dataset/pesticide-product-label-system
NBDPS Comparison of THM Exposure Metrics,https://catalog.data.gov/dataset/nbdps-comparison-of-thm-exposure-metrics
Lake Okeechobee Bathymetry data,https://catalog.data.gov/dataset/lake-okeechobee-bathymetry-data
Walk Score (Phila. only),https://catalog.data.gov/dataset/walk-score-phila-only
Redemption Tables,https://catalog.data.gov/dataset/savings-bonds-redemption-tables
Gulf of Mexico Deepwater Bathymetry Contours,https://catalog.data.gov/dataset/gulf-of-mexico-deepwater-bathymetry-contours
2015-16 Incidents of Offenses Estimations,https://catalog.data.gov/dataset/2015-16-incidents-of-offenses-estimations-84ecb
"TIGER/Line Shapefile, 2023, County, Travis County, TX, Topological Faces (Polygons With All Geocodes)",https://catalog.data.gov/dataset/tiger-line-shapefile-2023-county-travis-county-tx-topological-faces-polygons-with-all-geocodes
Allegheny County Zip Code Boundaries,https://catalog.data.gov/dataset/allegheny-county-zip-code-boundaries
"Improving the Success of Reentry Programs: Identifying the Impact of Service-Need Fit on Recidivism in 14 States, 2004-2011",https://catalog.data.gov/dataset/improving-the-success-of-reentry-programs-identifying-the-impact-of-service-need-fit-2004--f6fa4
New York City Leading Causes of Death,https://catalog.data.gov/dataset/new-york-city-leading-causes-of-death
White-tailed Deer Monitoring for the Heartland Inventory and Monitoring Network: 2005-2023 - Data Package,https://catalog.data.gov/dataset/white-tailed-deer-monitoring-for-the-heartland-inventory-and-monitoring-network-2005-2023-
BLM Natl Recreation Site Points,https://catalog.data.gov/dataset/blm-natl-recreation-site-points
Budget and Actuals,https://catalog.data.gov/dataset/budget-and-actuals
"TIGER/Line Shapefile, 2019,  state, Puerto Rico, Current Subbarrio (Subminor Civil Division)",https://catalog.data.gov/dataset/tiger-line-shapefile-2019-state-puerto-rico-current-subbarrio-subminor-civil-division
Aerospace and Defense Data:  Data Visualization,https://catalog.data.gov/dataset/aerospace-and-defense-data-data-visualization
Analysis of Virtual Sensors for Predicting Aircraft Fuel Consumption,https://catalog.data.gov/dataset/analysis-of-virtual-sensors-for-predicting-aircraft-fuel-consumption
"Consolidated Financial Statements for Bank Holding Companies, Parent Company Only Financial Statements for Large Holding Companies, Parent Company Only Financial Statements for Small Holding Companies, Financial Statements Employee Stock Ownership Plan Holding Companies, Supplement to the Consolidated Financial Statements for Bank Holding Companies",https://catalog.data.gov/dataset/consolidated-financial-statements-for-bank-holding-companies-parent-company-only-financial
"Age, sex, and length of chum salmon and chinook salmon sampled at the Gisasa weir between 1995 and 2023",https://catalog.data.gov/dataset/age-sex-and-length-of-chum-salmon-and-chinook-salmon-sampled-at-the-gisasa-weir-between-19
Corporate Data Warehouse (CDW),https://catalog.data.gov/dataset/corporate-data-warehouse-cdw
"NCES-Barron's Admissions Competitiveness Index Data Files: 1972, 1982, 1992, 2004, 2008, 2014",https://catalog.data.gov/dataset/nces-barrons-admissions-competitiveness-index-data-files-1972-1982-1992-2004-2008-2014-7c55d
2022 Environmental Performance Index (EPI),https://catalog.data.gov/dataset/2022-environmental-performance-index-epi-2398a
Social Security Number Verification Service (SSNVS) - Data Exchange,https://catalog.data.gov/dataset/social-security-number-verification-service-ssnvs-data-exchange
Rapid Refresh (RAP) [13 km],https://catalog.data.gov/dataset/rapid-refresh-rap-13-km1
General Ledger Accounting,https://catalog.data.gov/dataset/general-ledger-accounting
Violent Crimes,https://catalog.data.gov/dataset/violent-crimes-547e7
Parks Special Events,https://catalog.data.gov/dataset/parks-special-events
"Medicare Geographic Variation - by National, State & County",https://catalog.data.gov/dataset/medicare-geographic-variation-by-national-state-county-73ba6
Benthic grab data from June 1995 in the Lower Bay of New York/New Jersey Harbor,https://catalog.data.gov/dataset/benthic-grab-data-from-june-1995-in-the-lower-bay-of-new-york-new-jersey-harbor1
"SEPTA Routes, Stops, and Locations",https://catalog.data.gov/dataset/septa-routes-stops-and-locations
CMS Program Statistics - Medicare Total Enrollment,https://catalog.data.gov/dataset/medicare-total-enrollment-4280f
CA Educational Attainment & Personal Income,https://catalog.data.gov/dataset/ca-educational-attainment-personal-income
Oregon ZIP Codes,https://catalog.data.gov/dataset/oregon-zip-codes
Digital data sets describing population density in the conterminous US,https://catalog.data.gov/dataset/digital-data-sets-describing-population-density-in-the-conterminous-us
"Integrated Global Radiosonde Archive (IGRA), Version 2",https://catalog.data.gov/dataset/integrated-global-radiosonde-archive-igra-version-23
System for Award Management (SAM) API,https://catalog.data.gov/dataset/system-for-award-management-sam-api
"Population Estimates: Housing Unit Estimates for US, States, and Counties",https://catalog.data.gov/dataset/population-estimates-housing-unit-estimates-for-us-states-and-counties
Treasury International Capital (TIC) - TIC Press Releases - Monthly Releases and Archives of Treasury International Capital (TIC) Data {Across U.S. Border Financial Flows},https://catalog.data.gov/dataset/treasury-international-capital-tic-tic-press-releases-monthly-releases-and-archives-of-tre
MTA Daily Ridership and Traffic: Beginning 2020,https://catalog.data.gov/dataset/mta-daily-ridership-and-traffic-beginning-2020
ThermoData Engine free public version,https://catalog.data.gov/dataset/thermodata-engine-free-public-version
Felony Sentences,https://catalog.data.gov/dataset/felony-sentences-0299e
311 Service Requests from 2010 to Present,https://catalog.data.gov/dataset/311-service-requests-from-2010-to-present
Dr. Duke's Phytochemical and Ethnobotanical Databases,https://catalog.data.gov/dataset/dr-dukes-phytochemical-and-ethnobotanical-databases-0849e
"Collection
            
Department of Transportation Public Data Listing",https://catalog.data.gov/dataset/department-of-transportation-public-data-listing
"Concentrated Animal Feeding Operations (CAFOs) per County Downloadable Package, US, 2013, US EPA",https://catalog.data.gov/dataset/concentrated-animal-feeding-operations-cafos-per-county-downloadable-package-us-2013-us-epa9
Classified Employee Turnover Data,https://catalog.data.gov/dataset/classified-employee-turnover-data-94559
Music,https://catalog.data.gov/dataset/music
Adjudicated Property,https://catalog.data.gov/dataset/adjudicated-property
"NOAA GOES-R Series Geostationary Lightning Mapper (GLM) Level 2 Lightning Detection: Events, Groups, and Flashes",https://catalog.data.gov/dataset/noaa-goes-r-series-geostationary-lightning-mapper-glm-level-2-lightning-detection-events-groups2
"National Assessment of Adult Literacy, 2003",https://catalog.data.gov/dataset/national-assessment-of-adult-literacy-2003-61d00
International Food Consumption Patterns,https://catalog.data.gov/dataset/international-food-consumption-patterns
"TIGER/Line Shapefile, 2022, County, Dallas County, TX, Address Ranges Relationship File",https://catalog.data.gov/dataset/tiger-line-shapefile-2022-county-dallas-county-tx-address-ranges-relationship-file
AmeriCorps Participant Demographics Data,https://catalog.data.gov/dataset/americorps-participant-demographics-data
Commercial Permits,https://catalog.data.gov/dataset/commercial-permits
ReCiPe2016v1.1 for FEDEFLv1,https://catalog.data.gov/dataset/recipe2016v1-1-for-fedeflv1
"TIGER/Line Shapefile, 2023, County, Albany County, NY, Topological Faces (Polygons With All Geocodes)",https://catalog.data.gov/dataset/tiger-line-shapefile-2023-county-albany-county-ny-topological-faces-polygons-with-all-geocodes
PubMed total records by publication year,https://catalog.data.gov/dataset/pubmed-total-records-by-publication-year-fcf4a
Detailed Deep Landslide Susceptibility,https://catalog.data.gov/dataset/detailed-deep-landslide-susceptibility
Upland Vegetation and Soils Monitoring for the Northern Colorado Plateau Network: 2009-2023 - Data Package,https://catalog.data.gov/dataset/upland-vegetation-and-soils-monitoring-for-the-northern-colorado-plateau-network-2009-2023
PubMed Central (PMC),https://catalog.data.gov/dataset/pubmed-central-pmc
Newly Registered Vehicles by Class and County,https://catalog.data.gov/dataset/newly-registered-vehicles-by-class-and-county
New York State ZIP Codes-County FIPS Cross-Reference,https://catalog.data.gov/dataset/new-york-state-zip-codes-county-fips-cross-reference
Housing Code Violations,https://catalog.data.gov/dataset/housing-code-violations
"A Dataset of Amphibian Species in U.S. National Parks, Version 1.4",https://catalog.data.gov/dataset/a-dataset-of-amphibian-species-in-u-s-national-parks-version-1-4
2023 National Offshore Wind data set (NOW-23),https://catalog.data.gov/dataset/us-offshore-wind-resource-data-for-2000-2019
MTA Customer Feedback Data: 2014-2019,https://catalog.data.gov/dataset/mta-customer-feedback-data-beginning-2014
Tree Canopy 2022,https://catalog.data.gov/dataset/tree-canopy-2022
HVAC Market Share by Efficiency and Capacity: Beginning 2017,https://catalog.data.gov/dataset/hvac-market-share-by-efficiency-and-capacity-beginning-2017
"NIST Stopping-Power & Range Tables for Electrons, Protons, and Helium Ions - SRD 124",https://catalog.data.gov/dataset/nist-stopping-power-range-tables-for-electrons-protons-and-helium-ions-srd-124-b3661
"Insurance Company Complaints, Resolutions, Status, and Recoveries",https://catalog.data.gov/dataset/insurance-company-complaints-resolutions-status-and-recoveries
National Driver Register (NDR) -,https://catalog.data.gov/dataset/national-driver-register-ndr
Federally Recognized Tribes,https://catalog.data.gov/dataset/federally-recognized-tribes
Hate Crimes by County and Bias Type: Beginning 2010,https://catalog.data.gov/dataset/hate-crimes-by-county-and-bias-type-beginning-2010
Performance Analysis of a Stirling Engine Hybrid Power System,https://catalog.data.gov/dataset/performance-analysis-of-a-stirling-engine-hybrid-power-system
Survey of Household Economics and Decisionmaking,https://catalog.data.gov/dataset/survey-of-household-economics-and-decisionmaking
Museum Visitors,https://catalog.data.gov/dataset/museum-visitors
National Prosthetic Patient Database (NPPD (Prosthetics & Sensory Aids Service)),https://catalog.data.gov/dataset/national-prosthetic-patient-database-nppd-prosthetics-sensory-aids-service
Corporations and Other Entities: All Filings - Address,https://catalog.data.gov/dataset/corporations-and-other-entities-all-filings-address
Salesforce Customer Relationship Manager,https://catalog.data.gov/dataset/salesforce-customer-relationship-manager
LANID: Landsat-based irrigation dataset for CONUS 2018-20,https://catalog.data.gov/dataset/lanid-landsat-based-irrigation-dataset-for-conus-2018-20
SNAP - Soil Nutrient Assessment Program,https://catalog.data.gov/dataset/snap-soil-nutrient-assessment-program-67d65
National Flood Hazard - FIRM Panels,https://catalog.data.gov/dataset/national-flood-hazard-firm-panels-17159
Census API - By Coordinates,https://catalog.data.gov/dataset/census-api-by-coordinates
SSA Disability Claim Data,https://catalog.data.gov/dataset/ssa-disability-claim-data
Predicting lake chlorophyll from stream phosphorus concentrations (2024): Data and Scripts,https://catalog.data.gov/dataset/predicting-lake-chlorophyll-from-stream-phosphorus-concentrations-2024-data-and-scripts
"PLACES: Local Data for Better Health, County Data 2022 release",https://catalog.data.gov/dataset/places-local-data-for-better-health-county-data-2022-release
Contractor Registry Certificate,https://catalog.data.gov/dataset/contractor-registry-certificate
MTA NYCT Paratransit Provider No-Shows: Beginning 2016,https://catalog.data.gov/dataset/mta-access-a-ride-provider-no-shows-beginning-2016
Skilled Nursing Facility Cost Report,https://catalog.data.gov/dataset/skilled-nursing-facility-cost-report-cd2b7
Bedbug Reporting,https://catalog.data.gov/dataset/bedbug-reporting
"TIGER/Line Shapefile, 2022, State, Ohio, OH, 2020 Census Block",https://catalog.data.gov/dataset/tiger-line-shapefile-2022-state-ohio-oh-2020-census-block
MTA Bus Speeds: 2020 - 2024,https://catalog.data.gov/dataset/mta-bus-speeds-beginning-2020
911 End-to-End Data,https://catalog.data.gov/dataset/911-end-to-end-data
Landslides,https://catalog.data.gov/dataset/landslides-e73db
EnviroAtlas - Farm Service Land Rental Rates by County for the United States,https://catalog.data.gov/dataset/enviroatlas-farm-service-land-rental-rates-by-county-for-the-united-states4
"Public Housing Authorities

            NGDA",https://catalog.data.gov/dataset/public-housing-authorities
2013-14 Gifted and Talented Enrollment Civil Rights Data Collection,https://catalog.data.gov/dataset/2013-14-gifted-and-talented-enrollment-civil-rights-data-collection
311 Data,https://catalog.data.gov/dataset/311-data
G2Aero Database of Airfoils - Curated Airfoils,https://catalog.data.gov/dataset/g2aero-database-of-airfoils-curated-airfoils
Wastewater Treatment Plant Performance Data,https://catalog.data.gov/dataset/wastewater-treatment-plant-performance-data
"Mapping Data of Polar Bear Maternal Den Habitat, National Petroleum Reserve–Alaska (NPR-A)",https://catalog.data.gov/dataset/mapping-data-of-polar-bear-maternal-den-habitat-national-petroleum-reservealaska-npr-a
MSHA - Citations and Orders by Case Number,https://catalog.data.gov/dataset/msha-citations-and-orders-by-case-number
Inactive ingredient Search for Approved Drug Products,https://catalog.data.gov/dataset/inactive-ingredient-search-for-approved-drug-products
2020 Census Block Groups Top 50 American Community Survey Data with Seattle Neighborhoods,https://catalog.data.gov/dataset/2020-census-block-groups-top-50-american-community-survey-data-with-seattle-neighborhoods
APD Computer Aided Dispatch Incidents,https://catalog.data.gov/dataset/apd-computer-aided-dispatch-incidents
"Childhood Maltreatment, Trauma, and Abuse and Adolescent Delinquency, United States, 1994-2008",https://catalog.data.gov/dataset/childhood-maltreatment-trauma-and-abuse-and-adolescent-delinquency-united-states-1994-2008-01718
Lidar for Yosemite National Park,https://catalog.data.gov/dataset/lidar-for-yosemite-national-park
Solid Waste and Recycling Collection Routes,https://catalog.data.gov/dataset/solid-waste-and-recycling-collection-routes
Drinking Water - Public Water System Information,https://catalog.data.gov/dataset/drinking-water-public-water-system-information
"TIGER/Line Shapefile, Current, State, Texas, 2020 Census Block",https://catalog.data.gov/dataset/tiger-line-shapefile-current-state-texas-2020-census-block
"TIGER/Line Shapefile, 2023, County, Orleans Parish, LA, Topological Faces (Polygons With All Geocodes)",https://catalog.data.gov/dataset/tiger-line-shapefile-2023-county-orleans-parish-la-topological-faces-polygons-with-all-geocodes
COVID-19 Treatments,https://catalog.data.gov/dataset/covid-19-treatments
Service Connected Disability (SCD) Veterans by Disability Rating Group: FY1986 to FY2020,https://catalog.data.gov/dataset/service-connected-disability-scd-veterans-by-disability-rating-group-fy1986-to-fy2016
Estimating Human Trafficking into the United States [Phase I: Development of a Methodology],https://catalog.data.gov/dataset/estimating-human-trafficking-into-the-united-states-phase-i-development-of-a-methodology
NIST SRD 46. Critically Selected Stability Constants of Metal Complexes: Version 8.0 for Windows,https://catalog.data.gov/dataset/nist-srd-46-critically-selected-stability-constants-of-metal-complexes-version-8-0-for-win-8f90f
Apprenticeship Data and Statistics,https://catalog.data.gov/dataset/apprenticeship-data-and-statistics
SweepNYC Street Cleaning,https://catalog.data.gov/dataset/sweepnyc-street-cleaning
FEC API,https://catalog.data.gov/dataset/fec-api
Public Garages and Parking Lots,https://catalog.data.gov/dataset/public-garages-and-parking-lots-5b51c
Employee performance file system records,https://catalog.data.gov/dataset/employee-performance-file-system-records-62ae3
"Northern Sea Otter (Endyra lutris kenyoni) Population Monitoring Data for Glacier Bay National Park & Preserve, Alaska (SO_D)",https://catalog.data.gov/dataset/northern-sea-otter-endyra-lutris-kenyoni-population-monitoring-data-for-glacier-bay-nation
Books All,https://catalog.data.gov/dataset/books-all
"Movement Data for Migrating Geese Over the Northeast Pacific Ocean, 2018-2021",https://catalog.data.gov/dataset/movement-data-for-migrating-geese-over-the-northeast-pacific-ocean-2018-2021
Taxi and  For Hire Vehicle (FHV) Relief Stands,https://catalog.data.gov/dataset/taxi-and-for-hire-vehicle-fhv-relief-stands
U.S. Climate Normals 2020: U.S. Monthly Climate Normals (1991-2020),https://catalog.data.gov/dataset/u-s-climate-normals-2020-u-s-monthly-climate-normals-1991-20201
"Collection
            
National Transportation Library (NTL) Repository & Open Science Access Platform (ROSA P)",https://catalog.data.gov/dataset/national-transportation-library-ntl-repository-open-science-access-platform-rosa-p
Healthcare Payments Data (HPD) Healthcare Measures,https://catalog.data.gov/dataset/healthcare-payments-data-hpd-healthcare-measures-9f673
The National Artificial Intelligence Research and Development Strategic Plan: 2019 Update,https://catalog.data.gov/dataset/the-national-artificial-intelligence-research-and-development-strategic-plan-2019-update
"June 1992 Mount Spurr, USA Images",https://catalog.data.gov/dataset/june-1992-mount-spurr-usa-images2
Historical Land-Cover Change and Land-Use Conversions Global Dataset,https://catalog.data.gov/dataset/historical-land-cover-change-and-land-use-conversions-global-dataset2
ACS 5 Year Data by Community Area,https://catalog.data.gov/dataset/acs-5-year-data-by-community-area
NNDSS - Table I. infrequently reported notifiable diseases,https://catalog.data.gov/dataset/nndss-table-i-infrequently-reported-notifiable-diseases
MSHA Accident Injuries Data Set,https://catalog.data.gov/dataset/msha-accident-injuries-data-set
"GPS Tracking Data for Caribou (Rangifer tarandus granti) from the Nelchina Herd, Alaska, 1999-2002",https://catalog.data.gov/dataset/gps-tracking-data-for-caribou-rangifer-tarandus-granti-from-the-nelchina-herd-alaska-1999-
Proportion of High School Students Who Smoked Cigarettes in the Past 30 Days (LGHC Indicator),https://catalog.data.gov/dataset/proportion-of-high-school-students-who-smoked-cigarettes-in-the-past-30-days-lghc-indicato-77a29
Compilation of Geospatial Data (GIS) for the Mineral Industries and Related Infrastructure of Select Countries in Southwest Asia,https://catalog.data.gov/dataset/compilation-of-geospatial-data-gis-for-the-mineral-industries-and-related-infrastructure-o-6058f
Tracking Data for Caribou (Rangifer tarandus granti),https://catalog.data.gov/dataset/tracking-data-for-caribou-rangifer-tarandus-granti
Construction-Related Incidents,https://catalog.data.gov/dataset/construction-related-incidents
Vaccine Hesitancy for COVID-19: County and local estimates,https://catalog.data.gov/dataset/vaccine-hesitancy-for-covid-19-county-and-local-estimates
MTA Major Felonies,https://catalog.data.gov/dataset/mta-major-felonies
Education Directory,https://catalog.data.gov/dataset/education-directory
"County Immunizations and Exemption Rates by School Year, Grade, Vaccine, and School Type",https://catalog.data.gov/dataset/county-immunizations-and-exemption-rates-by-school-year-grade-vaccine-and-school-type
National Forest System Trails (Feature Layer),https://catalog.data.gov/dataset/national-forest-system-trails-feature-layer-f51e8
GPS Roads,https://catalog.data.gov/dataset/gps-roads
NCHS - Injury Mortality: United States,https://catalog.data.gov/dataset/nchs-injury-mortality-united-states
"TIGER/Line Shapefile, Current, State, Illinois, Unified School Districts",https://catalog.data.gov/dataset/tiger-line-shapefile-current-state-illinois-unified-school-districts
Rental Housing Finance Survey,https://catalog.data.gov/dataset/rental-housing-finance-survey
DOHMH HIV/AIDS Annual Report,https://catalog.data.gov/dataset/dohmh-hiv-aids-annual-report
"Iowa Population 18 Years and Over by Sex, Age and Educational Attainment (ACS 5-Year Estimates)",https://catalog.data.gov/dataset/iowa-population-18-years-and-over-by-sex-age-and-educational-attainment-acs-5-year-estimat
Historic Landmarks,https://catalog.data.gov/dataset/historic-landmarks-73030
"TIGER/Line Shapefile, Current, State, Puerto Rico, Census Tract",https://catalog.data.gov/dataset/tiger-line-shapefile-current-state-puerto-rico-census-tract
"PLACES: Local Data for Better Health, County Data 2023 release",https://catalog.data.gov/dataset/places-local-data-for-better-health-county-data-2023-release
Lease Inventory Excel Spreadsheet,https://catalog.data.gov/dataset/lease-inventory-excel-spreadsheet
Form 13F Data Sets,https://catalog.data.gov/dataset/form-13f-data-sets
"Uwekahuna (UWE) Tiltmeter Data, Kilauea Volcano, HI: 2011-2016",https://catalog.data.gov/dataset/uwekahuna-uwe-tiltmeter-data-kilauea-volcano-hi-2011-2016
Daily Transit Ridership,https://catalog.data.gov/dataset/daily-transit-ridership
Intermodal Freight Facilities Rail TOFC/COFC,https://catalog.data.gov/dataset/intermodal-freight-facilities-rail-tofc-cofc2
"Collection
            
National Bridge Inventory System (NBI)",https://catalog.data.gov/dataset/national-bridge-inventory-system-nbi
NIST/EPA Gas-Phase Infrared Database JCAMP Format - SRD 35,https://catalog.data.gov/dataset/nist-epa-gas-phase-infrared-database-jcamp-format-srd-35-a9898
Migration Stopovers of Mule Deer in the Rosa Herd in New Mexico,https://catalog.data.gov/dataset/migration-stopovers-of-mule-deer-in-the-rosa-herd-in-new-mexico
"Digital Geologic-GIS Map of Redwood National Park and Vicinity, California (NPS, GRD, GRI, REDW, REDW digital map) adapted from a California Geological Survey Preliminary Geologic Map by Delattre and Rosinski (2012), and a Watershed Mapping Series map by Dell'Osso, Falls and McGuire (2002)",https://catalog.data.gov/dataset/digital-geologic-gis-map-of-redwood-national-park-and-vicinity-california-nps-grd-gri-redw
U.S. Climate Normals 2020: U.S. Hourly Climate Normals (1991-2020),https://catalog.data.gov/dataset/u-s-climate-normals-2020-u-s-hourly-climate-normals-1991-20201
"TIGER/Line Shapefile, Current, County, Cuyahoga County, OH, All Roads",https://catalog.data.gov/dataset/tiger-line-shapefile-current-county-cuyahoga-county-oh-all-roads
"Pillbox (retired January 28, 2021)",https://catalog.data.gov/dataset/pillbox-retired-2f7f9
2023 High Volume FHV Trip Data,https://catalog.data.gov/dataset/2023-high-volume-fhv-trip-data
2018 Yellow Taxi Trip Data,https://catalog.data.gov/dataset/2018-yellow-taxi-trip-data
Nationwide Automatic Identification System 2024,https://catalog.data.gov/dataset/nationwide-automatic-identification-system-20241
Electronic Police Report 2025,https://catalog.data.gov/dataset/electronic-police-report-2025
5.12 Cybersecurity (summary) - Archived,https://catalog.data.gov/dataset/5-12-cybersecurity-summary-823d7
National Hydrography Data - NHD and 3DHP,https://catalog.data.gov/dataset/national-hydrography-dataset-nhd-0c127
State Small Business Credit Initiative (SSBCI) Transactions Dataset,https://catalog.data.gov/dataset/state-small-business-credit-initiative-ssbci-transactions-dataset
Commercial Aviation - Mishandled Baggage and Mishandled Wheelchairs and Scooter,https://catalog.data.gov/dataset/commercial-aviation-mishandled-baggage-and-mishandled-wheelchairs-and-scooter
U.S. Passport Issuance Data,https://catalog.data.gov/dataset/u-s-passport-issuance-data
USA.gov Blog RSS feed,https://catalog.data.gov/dataset/usa-gov-blog-rss-feed
Program Activity Code,https://catalog.data.gov/dataset/program-activity-code
NETL's Carbon Capture and Storage Database,https://catalog.data.gov/dataset/netls-carbon-capture-and-storage-database
The Quadrennial Energy Review (QER),https://catalog.data.gov/dataset/the-quadrennial-energy-review-qer
AirNow Real Time Air Quality REST API,https://catalog.data.gov/dataset/airnow-real-time-air-quality-rest-api
"TIGER/Line Shapefile, 2020, State, Michigan, 2020 Census Block",https://catalog.data.gov/dataset/tiger-line-shapefile-2020-state-michigan-2020-census-block
"Testing Low-cost, Ultra-portable, Carbon Dioxide and Methane Sensors for Monitoring Salt Marsh Ecosystem Services, Resilience, and Restoration - NERRS/NSC(NERRS Science Collaborative)",https://catalog.data.gov/dataset/testing-low-cost-ultra-portable-carbon-dioxide-and-methane-sensors-for-monitoring-salt-marsh-ec
"Anchorage, Alaska aquatic invasive species priority lakes",https://catalog.data.gov/dataset/anchorage-alaska-aquatic-invasive-species-priority-lakes
Federal Lead-Based Paint Program (FLPP) Database,https://catalog.data.gov/dataset/federal-lead-based-paint-program-flpp-database
HUD-Insured Hospitals,https://catalog.data.gov/dataset/hud-insured-hospitals
"TIGER/Line Shapefile, Current, State, Wyoming, County Subdivision",https://catalog.data.gov/dataset/tiger-line-shapefile-current-state-wyoming-county-subdivision
Rates of Preventable Hospitalizations (Age<18) for Selected Medical Conditions by County,https://catalog.data.gov/dataset/rates-of-preventable-hospitalizations-age18-for-selected-medical-conditions-by-county-69bd7
NIST Electron-Impact Ionization Cross Section Database - SRD 107,https://catalog.data.gov/dataset/nist-electron-impact-ionization-cross-section-database-srd-107-c798f
Correctional Institutions,https://catalog.data.gov/dataset/correctional-institutions
Stop Data 2019 to 2022,https://catalog.data.gov/dataset/stop-data-2019-to-2022
Food Establishment Inspection Scores,https://catalog.data.gov/dataset/food-establishment-inspection-scores
Socioeconomically Disadvantaged Areas,https://catalog.data.gov/dataset/socioeconomically-disadvantaged-areas
Federal Personnel and Payroll System (FPPS),https://catalog.data.gov/dataset/federal-personnel-and-payroll-system-fpps
ACRIS - Property Types Codes,https://catalog.data.gov/dataset/acris-property-types-codes
"Women, Infants, and Children (WIC) Participating and Cost Data",https://catalog.data.gov/dataset/women-infants-and-children-wic-participating-and-cost-data
Fisheries One Stop Shop Public Data 2009 - Present,https://catalog.data.gov/dataset/fisheries-one-stop-shop-public-data-2009-present1
COVID-19 Reported Patient Impact and Hospital Capacity by Facility -- RAW,https://catalog.data.gov/dataset/covid-19-reported-patient-impact-and-hospital-capacity-by-facility-raw
CTA - Bus Stops - Shapefile,https://catalog.data.gov/dataset/cta-bus-stops-shapefile
"TIGER/Line Shapefile, Current, State, Texas, County Subdivision",https://catalog.data.gov/dataset/tiger-line-shapefile-current-state-texas-county-subdivision
District Gun Violence Dashboards,https://catalog.data.gov/dataset/district-gun-violence-dashboards
"Highways: Interstate, US &amp; State",https://catalog.data.gov/dataset/highways-interstate-us-amp-state
Community Planning and Development (CPD) Appropriations Budget & Allocations,https://catalog.data.gov/dataset/cpd-appropriations
Countering Transnational Organized Crime (CTOC),https://catalog.data.gov/dataset/countering-transnational-organized-crime-ctoc
The association between environmental quality and diabetes in the U.S.,https://catalog.data.gov/dataset/the-association-between-environmental-quality-and-diabetes-in-the-u-s
Medicaid Spending by Drug,https://catalog.data.gov/dataset/medicaid-spending-by-drug-b6f77
2020 Census Tracts,https://catalog.data.gov/dataset/2020-census-tracts-tabular
Active Sonar Recorded at SanctSound Site CI05_07,https://catalog.data.gov/dataset/active-sonar-recorded-at-sanctsound-site-ci05_07
Metal Content of Consumer Products Tested by the NYC Health Department,https://catalog.data.gov/dataset/metal-content-of-consumer-products-tested-by-the-nyc-health-department
East Baton Rouge Parish Combined Crime Incidents,https://catalog.data.gov/dataset/east-baton-rouge-parish-combined-crime-incidents
Public Budget Database - Outlays and offsetting receipts 1962-Current,https://catalog.data.gov/dataset/public-budget-database-outlays-and-offsetting-receipts-1962-current
"BLM National SMA Surface Management Agency Area Polygons

            NGDA",https://catalog.data.gov/dataset/blm-natl-sma-surface-management-agency-area-polygons-national-geospatial-data-asset-ngda
"Collection
            
Travel Monitoring Analysis System (TMAS)",https://catalog.data.gov/dataset/travel-monitoring-analysis-system-tmas
Data from: A century of wild bee sampling: historical data and neural network analysis reveal ecological traits associated with species loss.,https://catalog.data.gov/dataset/data-from-a-century-of-wild-bee-sampling-historical-data-and-neural-network-analysis-revea
SSN Application Process (SSNAP) Audit Trail System,https://catalog.data.gov/dataset/ssn-application-process-ssnap-audit-trail-system
"TIGER/Line Shapefile, 2018,  nation, U.S., Current County and Equivalent National Shapefile",https://catalog.data.gov/dataset/tiger-line-shapefile-2018-nation-u-s-current-county-and-equivalent-national-shapefile
SBA Paycheck Protection Program (PPP) Loan,https://catalog.data.gov/dataset/sba-paycheck-protection-program-ppp-loan-843c1
2023 Annual Technology Baseline (ATB) Cost and Performance Data for Electricity Generation Technologies,https://catalog.data.gov/dataset/2023-annual-technology-baseline-atb-cost-and-performance-data-for-electricity-generation-t
"CHIRPS Version 2.0, Precipitation, Global, 0.05Â°, Monthly, 1981-present",https://catalog.data.gov/dataset/chirps-version-2-0-precipitation-global-0-05a-monthly-1981-present
Insect Species Occurrence Data from Multiple Projects Worldwide with Focus on Bees and Wasps in North America,https://catalog.data.gov/dataset/insect-species-occurrence-data-from-multiple-projects-worldwide-with-focus-on-bees-and-was-b3123
Kepler,https://catalog.data.gov/dataset/kepler
National Health and Nutrition Examination Survey (NHANES) – Vision and Eye Health Surveillance,https://catalog.data.gov/dataset/national-health-and-nutrition-examination-survey-nhanes-vision-and-eye-health-surveillance-0d18f
Lone Offender Terrorists and Mass Murderers in the United States between 1990 and 2013,https://catalog.data.gov/dataset/lone-offender-terrorists-and-mass-murderers-in-the-united-states-between-1990-and-2013-80af7
Farmers Markets,https://catalog.data.gov/dataset/farmers-markets
Critical Habitats,https://catalog.data.gov/dataset/critical-habitats-09741
IUPAC/NIST Solubility Database - SRD 106,https://catalog.data.gov/dataset/iupac-nist-solubility-database-srd-106-c05d2
THC Beverage Sales,https://catalog.data.gov/dataset/thc-beverage-sales
"TIGER/Line Shapefile, Current, County, Travis County, TX, All Roads",https://catalog.data.gov/dataset/tiger-line-shapefile-current-county-travis-county-tx-all-roads
Medical Subject Headings (MeSH),https://catalog.data.gov/dataset/medical-subject-headings-mesh-812b8
GSA Enterprise Data Inventory (EDI),https://catalog.data.gov/dataset/gsa-enterprise-data-inventory-edi
Unemployment Rate by Age Groups,https://catalog.data.gov/dataset/unemployment-rate-by-age-groups
Legislator Database,https://catalog.data.gov/dataset/legislator-database
NASA Facilities,https://catalog.data.gov/dataset/nasa-facilities
1.21 Youth Drug Use and Misuse (summary),https://catalog.data.gov/dataset/1-21-youth-substance-abuse-summary-91c62
Washington  DC  Metropolitan Area Drug Study Homeless and Transient Population (DC-MADST-1991),https://catalog.data.gov/dataset/washington-dc-metropolitan-area-drug-study-homeless-and-transient-population-dc-madst-1991
Police Incidents,https://catalog.data.gov/dataset/police-incidents
"Surface Ownership Parcels, detailed (Feature Layer)",https://catalog.data.gov/dataset/surface-ownership-parcels-detailed-feature-layer-4c545
Hospital Quarterly Financial & Utilization Report - Complete Data Set,https://catalog.data.gov/dataset/hospital-quarterly-financial-utilization-report-complete-data-set-7a3e2
DC COVID-19 Weekly Cases,https://catalog.data.gov/dataset/dc-covid-19-weekly-cases
COVID-19 Deaths by Population Characteristics,https://catalog.data.gov/dataset/covid-19-deaths-by-population-characteristics
"Last of the Wild Project, Version 2, 2005 (LWP-2): Global Human Footprint Dataset (Geographic)",https://catalog.data.gov/dataset/last-of-the-wild-project-version-2-2005-lwp-2-global-human-footprint-dataset-geographic
State Fact Sheets,https://catalog.data.gov/dataset/state-fact-sheets
Data from: On-farm wildflower plantings generate opposing reproductive outcomes for solitary and bumble bee species,https://catalog.data.gov/dataset/data-from-on-farm-wildflower-plantings-generate-opposing-reproductive-outcomes-for-solitar
Medical Examiner - Unclaimed Persons,https://catalog.data.gov/dataset/medical-examiner-unclaimed-persons
"SODA - POP 2.2.4 Monthly Means, 1871-2010 (At Depths)",https://catalog.data.gov/dataset/soda-pop-2-2-4-monthly-means-1871-2010-at-depths
U.S. Electric Utility Companies and Rates: Look-up by Zipcode (2021),https://catalog.data.gov/dataset/u-s-electric-utility-companies-and-rates-look-up-by-zipcode-2021
Fruit and Vegetable Market News Custom Search,https://catalog.data.gov/dataset/fruit-and-vegetable-market-news-custom-search
Professional Medical Billing Services (SV1) Header Information,https://catalog.data.gov/dataset/professional-medical-billing-services-sv1-header-information
Employers of National Service,https://catalog.data.gov/dataset/employers-of-national-service
Information About Registered Investment Advisers and Exempt Reporting Advisers,https://catalog.data.gov/dataset/information-about-registered-investment-advisers-and-exempt-reporting-advisers
CMS Program Statistics - Medicare Part D,https://catalog.data.gov/dataset/medicare-part-d-3ab84
Environmental DNA mapping of Zebra Mussel populations: Data,https://catalog.data.gov/dataset/environmental-dna-mapping-of-zebra-mussel-populations-data
Fortune 500 Corporate Headquarters,https://catalog.data.gov/dataset/fortune-500-corporate-headquarters
National Compensation Survey,https://catalog.data.gov/dataset/national-compensation-survey-144ec
Lands Area Statistics,https://catalog.data.gov/dataset/lands-area-statistics
Air Force listing of Enlisted Specialty Codes (AFSCs),https://catalog.data.gov/dataset/air-force-listing-of-enlisted-specialty-codes-afscs
ThermoML/Data Archive,https://catalog.data.gov/dataset/thermoml-data-archive
Traffic Cameras,https://catalog.data.gov/dataset/traffic-cameras-f7b34
NHANES Select Chronic Conditions Prevalence Estimates,https://catalog.data.gov/dataset/nhanes-select-chronic-conditions-prevalence-estimates
Environmental Sensitivity Index (ESI) Threatened and Endangered Species GIS Services,https://catalog.data.gov/dataset/environmental-sensitivity-index-esi-threatened-and-endangered-species-gis-services1
CDC WONDER: Daily Air Temperatures and Heat Index,https://catalog.data.gov/dataset/cdc-wonder-daily-air-temperatures-and-heat-index
Residential Parking Permit Blocks,https://catalog.data.gov/dataset/residential-parking-permit-blocks
Quality Controlled Local Climatological Data (QCLCD) Publication,https://catalog.data.gov/dataset/quality-controlled-local-climatological-data-qclcd-publication3
USDA Plant Hardiness Zone Map (PHZM),https://catalog.data.gov/dataset/usda-plant-hardiness-zone-map-phzm-fdfe1
2018 Central Park Squirrel Census - Squirrel Data,https://catalog.data.gov/dataset/2018-central-park-squirrel-census-squirrel-data
BLM Natl Wild Horse and Burro Herd Mgmt Area Polygons,https://catalog.data.gov/dataset/blm-natl-wild-horse-and-burro-herd-mgmt-area-polygons
"Trade Codes Related to the Lithium-Ion Battery Supply Chain for the United States, the European Union, and the People's Republic of China",https://catalog.data.gov/dataset/trade-codes-related-to-the-lithium-ion-battery-supply-chain-for-the-united-states-the-euro
Travel and Tourism Indicators,https://catalog.data.gov/dataset/travel-and-tourism-indicators
Alien Plant Threat Assessment,https://catalog.data.gov/dataset/alien-plant-threat-assessment
Regional Snowfall Index (RSI),https://catalog.data.gov/dataset/regional-snowfall-index-rsi2
BLM CO PLSS First Division Section,https://catalog.data.gov/dataset/blm-co-plss-first-division-section
"Point cloud data of Looe Key, Florida, 2022",https://catalog.data.gov/dataset/point-cloud-data-of-looe-key-florida-2022
"Chicago Women's Health Risk Study, 1995-1998",https://catalog.data.gov/dataset/chicago-womens-health-risk-study-1995-1998-84646
Federal Cost of School Food Program Data,https://catalog.data.gov/dataset/federal-cost-of-school-food-program-data
"TIGER/Line Shapefile, 2022, State, Minnesota, MN, 2020 Census Block",https://catalog.data.gov/dataset/tiger-line-shapefile-2022-state-minnesota-mn-2020-census-block
Tellurium Deposits in the United States,https://catalog.data.gov/dataset/tellurium-deposits-in-the-united-states
Active Real Estate Salespersons and Brokers,https://catalog.data.gov/dataset/active-real-estate-salespersons-and-brokers
"Los Angeles Homicides, 1830-2003",https://catalog.data.gov/dataset/los-angeles-homicides-1830-2003-53397
SNAP EBT Third Party Processor (TPP) List and Guidance to Retailers,https://catalog.data.gov/dataset/snap-ebt-third-party-processor-tpplist-and-guidance-to-retailers
SHIP Cancer Mortality Rate 2009-2021,https://catalog.data.gov/dataset/ship-cancer-mortality-rate-2009-2017
Air Sampling Data for BP Spill/Deepwater Horizon,https://catalog.data.gov/dataset/air-sampling-data-for-bp-spill-deepwater-horizon9
"TIGER/Line Shapefile, 2023, County, Cook County, IL, Topological Faces (Polygons With All Geocodes)",https://catalog.data.gov/dataset/tiger-line-shapefile-2023-county-cook-county-il-topological-faces-polygons-with-all-geocodes
NGS Survey Control Map,https://catalog.data.gov/dataset/ngs-survey-control-map1
"Major Land Resource Areas (MLRA)

            NGDA",https://catalog.data.gov/dataset/major-land-resource-areas-mlra
Soccer Fields,https://catalog.data.gov/dataset/soccer-fields
NCRN Bird Monitoring Data 2019,https://catalog.data.gov/dataset/ncrn-bird-monitoring-data-2019
Intelligent Transportation Systems (ITS) Costs,https://catalog.data.gov/dataset/intelligent-transportation-systems-its-costs
Water Quality Portal,https://catalog.data.gov/dataset/water-quality-portal-a4e85
National Farmers Market Directory,https://catalog.data.gov/dataset/national-farmers-market-directory
United States Climate Reference Network (USCRN) Quality Controlled Datasets,https://catalog.data.gov/dataset/united-states-climate-reference-network-uscrn-quality-controlled-datasets3
"Aerial Imagery of the Pocatello, Idaho (1975, 0.5-meter)",https://catalog.data.gov/dataset/aerial-imagery-of-the-pocatello-idaho-1975-0-5-meter
COVID-19 State Profile Report - Massachusetts,https://catalog.data.gov/dataset/covid-19-state-profile-report-massachusetts
BLM Natl Utah MMPK,https://catalog.data.gov/dataset/blm-natl-utah-mmpk-9d66a
TSA Wait Times (January 2006 to December 2015),https://catalog.data.gov/dataset/tsa-wait-times-january-2006-to-december-2015
"Soil Survey Geographic (SSURGO) database for Bernalillo County and Parts of Sandoval and Valencia Counties, New Mexico",https://catalog.data.gov/dataset/soil-survey-geographic-ssurgo-database-for-bernalillo-county-and-parts-of-sandoval-and-valencia
Data Breach Notifications Affecting Washington Residents,https://catalog.data.gov/dataset/data-breach-notifications-affecting-washington-residents
Contract Renewal Information - All Contracts,https://catalog.data.gov/dataset/contract-renewal-information-all-contracts
Generalized Geology of the Far East (geo3al),https://catalog.data.gov/dataset/generalized-geology-of-the-far-east-geo3al
NCUA Natural Person 5300 Call Report Data,https://catalog.data.gov/dataset/publicly-available-financial-performance-data-for-federally-insured-credit-unions-1cd9f
Georeferenced Population Datasets of Mexico (GEO-MEX): Urban Place GIS Coverage of Mexico,https://catalog.data.gov/dataset/georeferenced-population-datasets-of-mexico-geo-mex-urban-place-gis-coverage-of-mexico
EnviroAtlas - Selected National Air Toxics Assessment Results by Census Tract - 2014,https://catalog.data.gov/dataset/enviroatlas-selected-national-air-toxics-assessment-results-by-census-tract-20144
"Development of Integrated Screening, Cultivar Optimization, and Verification Research (DISCOVR)",https://catalog.data.gov/dataset/discovr
Uniform Bank Performance Report,https://catalog.data.gov/dataset/uniform-bank-performance-report
MDOT/MVA Electric and Plug-in Hybrid Vehicle Registrations by County as of each month end from July 2020 to March 2025,https://catalog.data.gov/dataset/mva-electric-and-hybrid-vehicle-registrations-by-county-as-of-october-2020
COVID-19 Student Survey,https://catalog.data.gov/dataset/covid-19-student-survey
"TIGER/Line Shapefile, 2022, State, Alaska, AK, County Subdivision",https://catalog.data.gov/dataset/tiger-line-shapefile-2022-state-alaska-ak-county-subdivision
Harmonized Tariff Schedule of the United States (2021),https://catalog.data.gov/dataset/harmonized-tariff-schedule-of-the-united-states-2021
National Levee Database,https://catalog.data.gov/dataset/national-levee-database-0869b
MTA Subway Entrances and Exits: 2024,https://catalog.data.gov/dataset/nyc-transit-subway-entrance-and-exit-data
NYPD Calls for Service (Historic),https://catalog.data.gov/dataset/nypd-calls-for-service-historic
Orange Book,https://catalog.data.gov/dataset/orange-book
Money Management and Financial Literacy,https://catalog.data.gov/dataset/money-management-and-financial-literacy
Crime Incidents in 2022,https://catalog.data.gov/dataset/crime-incidents-in-2022
Places of Worship,https://catalog.data.gov/dataset/places-of-worship-7ecd7
California Tobacco Retail Surveillance Study,https://catalog.data.gov/dataset/california-tobacco-retail-surveillance-study-8252b
IHS Sea-web Ship Details and Technical Specifications,https://catalog.data.gov/dataset/ihs-sea-web-ship-details-and-technical-specifications
National Artificial Intelligence Research and Development Strategic Plan 2023 Update,https://catalog.data.gov/dataset/national-artificial-intelligence-research-and-development-strategic-plan-2023-update
"Effects of Marijuana Legalization on Law Enforcement and Crime, Washington, 2004-2018",https://catalog.data.gov/dataset/effects-of-marijuana-legalization-on-law-enforcement-and-crime-washington-2004-2018-9d2ba
USGS 10-m Digital Elevation Model (DEM): Hawaii: Big Island: Hillshade,https://catalog.data.gov/dataset/usgs-10-m-digital-elevation-model-dem-hawaii-big-island-hillshade
Biochar 4 Crops,https://catalog.data.gov/dataset/biochar-4-crops
"Soil properties dataset in the United States, Derived from 2020 gNATSGO database",https://catalog.data.gov/dataset/soil-properties-dataset-in-the-united-states-derived-from-2020-gnatsgo-database
2023 City of Austin Demographic Profiles,https://catalog.data.gov/dataset/2023-city-of-austin-demographic-profiles
Residential Existing Homes (One-to-Four Units) Energy Efficiency Projects for Households with Income up to 60% State Median Income: Beginning January 2018,https://catalog.data.gov/dataset/residential-existing-homes-one-to-four-units-energy-efficiency-projects-for-households-wit
Registered Vehicles by County,https://catalog.data.gov/dataset/registered-vehicles-by-county
"TIGER/Line Shapefile, Current, State, Louisiana, 2020 Census Block",https://catalog.data.gov/dataset/tiger-line-shapefile-current-state-louisiana-2020-census-block
Plant Variety Protection Office Certificate Database,https://catalog.data.gov/dataset/plant-variety-protection-office-certificate-database
AgentDojo-Inspect,https://catalog.data.gov/dataset/agentdojo-inspect
UAV Flight Log,https://catalog.data.gov/dataset/uav-flight-log-may-1st-2023
ICLUS v2.1.1 land use projections for SSP5 and RCP8.5 pathways,https://catalog.data.gov/dataset/iclus-v2-1-1-land-use-projections-for-ssp5-and-rcp8-5-pathways13
Major faults in Iran (flt2cg),https://catalog.data.gov/dataset/major-faults-in-iran-flt2cg
NSF Grant Funding,https://catalog.data.gov/dataset/2017-nsf-grant-funding-2ac96
Open Parking and Camera Violations,https://catalog.data.gov/dataset/open-parking-and-camera-violations
Database of log kow solubility and toxicity values and QSAR models,https://catalog.data.gov/dataset/database-of-log-kow-solubility-and-toxicity-values-and-qsar-models
Database of Short Genetic Variations (dbSNP),https://catalog.data.gov/dataset/dbsnp-database-of-short-genetic-variations
Noise Exceedance Rating,https://catalog.data.gov/dataset/noise-exceedance-rating
E-Bike Field Study Data,https://catalog.data.gov/dataset/e-bike-field-study-data
Geology shapefiles for the United States and Australia,https://catalog.data.gov/dataset/geology-shapefiles-for-the-united-states-and-australia-431ea
Baltimore City Schools,https://catalog.data.gov/dataset/baltimore-city-schools-6510c
National Coral Reef Monitoring Program: Water chemistry of the coral reefs in the Pacific Ocean,https://catalog.data.gov/dataset/national-coral-reef-monitoring-program-water-chemistry-of-the-coral-reefs-in-the-pacific-ocean1
Establishment Registration & Device Listing,https://catalog.data.gov/dataset/establishment-registration-device-listing
Meat Price Spreads,https://catalog.data.gov/dataset/meat-price-spreads
Environmental Remediation Sites,https://catalog.data.gov/dataset/environmental-remediation-sites
Chicago Public Schools - School Progress Reports SY2324,https://catalog.data.gov/dataset/chicago-public-schools-school-progress-reports-sy2324
Janes,https://catalog.data.gov/dataset/janes
Public School Characteristics 2022-23,https://catalog.data.gov/dataset/public-school-characteristics-2022-23-a926b
Real Estate Across the United States (REXUS) (Lease),https://catalog.data.gov/dataset/real-estate-across-the-united-states-rexus-lease
PRASA coral survey data,https://catalog.data.gov/dataset/prasa-coral-survey-data
"TIGER/Line Shapefile, 2023, State, Louisiana, Primary and Secondary Roads",https://catalog.data.gov/dataset/tiger-line-shapefile-2023-state-louisiana-primary-and-secondary-roads
U.S. Active Duty Military Deaths Since 1 JAN 2001,https://catalog.data.gov/dataset/u-s-active-duty-military-deaths-since-1-jan-2001
Order and Referring,https://catalog.data.gov/dataset/order-and-referring-dffa2
Washington State Air Quality,https://catalog.data.gov/dataset/washington-state-air-quality
Parks - Facilities & Features - Shapefiles,https://catalog.data.gov/dataset/parks-facilities-features-shapefiles
Executive Branch Artificial Intelligence System Inventory,https://catalog.data.gov/dataset/executive-branch-artificial-intelligence-system-inventory
"TIGER/Line Shapefile, 2023, State, Wisconsin, Primary and Secondary Roads",https://catalog.data.gov/dataset/tiger-line-shapefile-2023-state-wisconsin-primary-and-secondary-roads
"TIGER/Line Shapefile, Current, County, Knox County, TN, All Roads",https://catalog.data.gov/dataset/tiger-line-shapefile-current-county-knox-county-tn-all-roads
VetPop2023 Urban/Rural FY2023-2025,https://catalog.data.gov/dataset/vetpop2023-urban-rural-fy2023-2025
SDOT GIS Datasets,https://catalog.data.gov/dataset/sdot-gis-datasets-e011c
Metro Stations Regional,https://catalog.data.gov/dataset/metro-stations-regional
Time Walk Bike to Work,https://catalog.data.gov/dataset/time-walk-bike-to-work-b2ed6
NCVS Select - Personal Victims,https://catalog.data.gov/dataset/ncvs-select-personal-victims-ee412
"Medicines, Technologies and Pharmaceutical Services (MTaPS) Program Monitoring 2023 PY6Q1 Dataset",https://catalog.data.gov/dataset/medicines-technologies-and-pharmaceutical-services-mtaps-program-monitoring-2023-py6q1-dat
"TIGER/Line Shapefile, Current, State, Michigan, Census Tract",https://catalog.data.gov/dataset/tiger-line-shapefile-current-state-michigan-census-tract
"Annual Mean PM2.5 Components (EC, NH4, NO3, OC, SO4) 50m Urban and 1km Non-Urban Area Grids for Contiguous U.S., 2000-2019 v1",https://catalog.data.gov/dataset/annual-mean-pm2-5-components-ec-nh4-no3-oc-so4-50m-urban-and-1km-non-urban-area-grids-for-
Housing - Average Apartment Rent,https://catalog.data.gov/dataset/housing-average-apartment-rent-ac790
EDGAR Log File Data Sets,https://catalog.data.gov/dataset/edgar-log-file-data-set
FDA Recognized Consensus Standards,https://catalog.data.gov/dataset/fda-recognized-consensus-standards
NIST Inorganic Crystal Structure Database (ICSD),https://catalog.data.gov/dataset/nist-inorganic-crystal-structure-database-icsd-6997c
Social Vulnerability Index (SoVI) for Coastal States based on 2000 Census Block Groups,https://catalog.data.gov/dataset/social-vulnerability-index-sovi-for-coastal-states-based-on-2000-census-block-groups1
Horizons,https://catalog.data.gov/dataset/horizons
EPA Tribes (2 of 6):  Alaska Native Villages,https://catalog.data.gov/dataset/epa-tribes-2-of-6-alaska-native-villages12
Affordable Care Act (ACA) - Data Exchange,https://catalog.data.gov/dataset/affordable-care-act-aca-data-exchange
Workbooks for Cambium 2024 Data,https://catalog.data.gov/dataset/workbooks-for-cambium-2024-data
SPD 9-11 Customer Satisfaction Survey Data,https://catalog.data.gov/dataset/spd-9-11-customer-satisfaction-survey-data-51abc
"TIGER/Line Shapefile, 2022, State, Guam, GU, 2020 Census Block",https://catalog.data.gov/dataset/tiger-line-shapefile-2022-state-guam-gu-2020-census-block
City of Pittsburgh Property Tax Delinquency,https://catalog.data.gov/dataset/city-of-pittsburgh-property-tax-delinquency
Monitoring Trends in Burn Severity Burned Area Boundaries (Feature Layer),https://catalog.data.gov/dataset/monitoring-trends-in-burn-severity-burned-area-boundaries-feature-layer-27201
Climiate Resilience Screening Index and Domain Scores,https://catalog.data.gov/dataset/climiate-resilience-screening-index-and-domain-scores
Real Estate Sales 730 Days,https://catalog.data.gov/dataset/real-estate-sales-730-days
Occupational Employment and Wage Statistics (OEWS),https://catalog.data.gov/dataset/occupational-employment-and-wage-statistics-oews-4b4c4
"Common Core of Data Nonfiscal Survey, 2013-14",https://catalog.data.gov/dataset/common-core-of-data-nonfiscal-survey-2013-14-6c8e1
An aggregated dataset of serially collected influenza A virus morbidity and titer measurements from virus-infected ferrets.,https://catalog.data.gov/dataset/an-aggregated-dataset-of-serially-collected-influenza-a-virus-morbidity-and-titer-measurem
"Technology, Teen Dating Violence and Abuse, and Bullying in Three States, 2011-2012",https://catalog.data.gov/dataset/technology-teen-dating-violence-and-abuse-and-bullying-in-three-states-2011-2012
2022 American Community Survey: 1-Year Estimates - Public Use Microdata Sample,https://catalog.data.gov/dataset/2022-american-community-survey-1-year-estimates-public-use-microdata-sample
Math Test Results 2013-2023,https://catalog.data.gov/dataset/math-test-results-2013-2023
"TIGER/Line Shapefile, 2022, State, Utah, UT, County Subdivision",https://catalog.data.gov/dataset/tiger-line-shapefile-2022-state-utah-ut-county-subdivision
"TIGER/Line Shapefile, 2018,  nation, U.S., Current American Indian/Alaska Native/Native Hawaiian Areas National (AIANNH)
National",https://catalog.data.gov/dataset/tiger-line-shapefile-2018-nation-u-s-current-american-indian-alaska-native-native-hawaiian-area
2025 City of Austin Demographic Profiles,https://catalog.data.gov/dataset/2025-city-of-austin-demographic-profiles
Fatality Analysis Reporting System (FARS) 2023 - Accidents,https://catalog.data.gov/dataset/fatality-analysis-reporting-system-fars-2023-accidents
"Digital Geologic Map of San Francisco and parts of Oakland, California (NPS, GRD, GRI, GOGA, FOPO, RORI, SAFR, SFOA digital map)",https://catalog.data.gov/dataset/digital-geologic-map-of-san-francisco-and-parts-of-oakland-california-nps-grd-gri-goga-fop
Utah FORGE: Well 78B-32 Daily Drilling Reports and Logs,https://catalog.data.gov/dataset/utah-forge-well-78b-32-daily-drilling-reports-and-logs-7efa9
Body Worn Camera Resources,https://catalog.data.gov/dataset/body-worn-camera-resources
Financial Statements of U.S. Nonbank Subsidiaries of U.S. Holding Companies,https://catalog.data.gov/dataset/financial-statements-of-u-s-nonbank-subsidiaries-of-u-s-holding-companies
Traumatic Brain Injury Registry (TBI),https://catalog.data.gov/dataset/traumatic-brain-injury-registry-tbi
"AH Excess Deaths by Sex, Age, and Race and Hispanic Origin",https://catalog.data.gov/dataset/ah-excess-deaths-by-sex-age-and-race-2d26a
CTA-L-Rail-Stations-Shapefile,https://catalog.data.gov/dataset/cta-l-rail-stations-shapefile
Monarch Butterfly Habitat Restoration: Polygon (Feature Layer),https://catalog.data.gov/dataset/monarch-butterfly-habitat-restoration-polygon-feature-layer-90e3c
"TIGER/Line Shapefile, Current, State, Massachusetts, County Subdivision",https://catalog.data.gov/dataset/tiger-line-shapefile-current-state-massachusetts-county-subdivision
National Highway Planning Network,https://catalog.data.gov/dataset/national-highway-planning-network1
"Marine Mammals and Sea Turtles data for the Deepwater Horizon Response and Assessment in the Gulf of Mexico, dating from 2001-06-19 to 2016-02-16",https://catalog.data.gov/dataset/marine-mammals-and-sea-turtles-data-for-the-deepwater-horizon-response-and-assessment-in-02-162
FedScope Employment Cubes,https://catalog.data.gov/dataset/fedscope-employment-cubes-ffdfd
Form 5500 Research Datafiles,https://catalog.data.gov/dataset/form-5500-research-datafiles
Grand Teton National Park Tract and Boundary Data,https://catalog.data.gov/dataset/grand-teton-national-park-tract-and-boundary-data-62cb7
Defense Meteorological Satellite Program (DMSP),https://catalog.data.gov/dataset/defense-meteorological-satellite-program-dmsp
Weigh-in-Motion (WIM) Stations,https://catalog.data.gov/dataset/weigh-in-motion-wim-stations
"Development Experience Clearinghouse (DEC) Document Usage Statistics, 2024",https://catalog.data.gov/dataset/development-experience-clearinghouse-dec-document-usage-statistics-2024
California Children’s Services (CCS) All Provider Lists,https://catalog.data.gov/dataset/california-childrens-services-ccs-all-provider-lists-ec8c5
Washington State Certified Public Accountants,https://catalog.data.gov/dataset/cpa-search
MTA Bus Hourly Ridership: 2020-2024,https://catalog.data.gov/dataset/mta-bus-hourly-ridership-beginning-february-2022
New York State Civil Boundaries,https://catalog.data.gov/dataset/new-york-state-civil-boundaries
Emissions Inventory,https://catalog.data.gov/dataset/emissions-inventory
A U.S. Lead Exposure Hotspots Analysis,https://catalog.data.gov/dataset/a-u-s-lead-exposure-hotspots-analysis
"Vital Stats (Vital Statistics Tables and files- Births, Infant Deaths, Fetal Deaths)",https://catalog.data.gov/dataset/vital-stats-vital-statistics-tables-and-files-births-infant-deaths-fetal-deaths
Almanac API - Parameters,https://catalog.data.gov/dataset/almanac-api-parameters
Find a Health Center,https://catalog.data.gov/dataset/find-a-health-center-c0304
Burn Intensity for the 1992 Foothills Fire within Boise National Forest,https://catalog.data.gov/dataset/burn-intensity-for-the-1992-foothills-fire-within-boise-national-forest
Wireless Broadband API,https://catalog.data.gov/dataset/wireless-broadband-api
Historical Ambient Air Quality Data Inventory,https://catalog.data.gov/dataset/historical-ambient-air-quality-data-inventory
Multiemployer Pension Plans,https://catalog.data.gov/dataset/multiemployer-pension-plans
EPA Enforcement and Compliance History Online: EPA Enforcement Action Data Set,https://catalog.data.gov/dataset/epa-enforcement-and-compliance-history-online-epa-enforcement-action-data-set
National Greenhouse Gas Emission Inventory (EV-GHG),https://catalog.data.gov/dataset/national-greenhouse-gas-emission-inventory-ev-ghg
Land-Use Conflict Identification Strategy (LUCIS) Models,https://catalog.data.gov/dataset/land-use-conflict-identification-strategy-lucis-models
Consent Decrees,https://catalog.data.gov/dataset/consent-decrees
NIST Campus Photovoltaic (PV) Arrays and Weather Station Data Sets,https://catalog.data.gov/dataset/nist-campus-photovoltaic-pv-arrays-and-weather-station-data-sets-05b4d
"Depth grids of the flood-inundation maps for the Meramec River near Eureka, Missouri, 2018",https://catalog.data.gov/dataset/depth-grids-of-the-flood-inundation-maps-for-the-meramec-river-near-eureka-missouri-2018
WATER TEMPERATURE and other data from SEARCHER from 1962-04-26 to 1962-05-08 (NCEI Accession 6200742),https://catalog.data.gov/dataset/water-temperature-and-other-data-from-searcher-from-1962-04-26-to-1962-05-08-ncei-accession-6201
Monthly production disposition of U.S. natural resources revenue,https://catalog.data.gov/dataset/monthly-production-disposition-of-u-s-natural-resources-revenue
Surface Ownership Parcels (Feature Layer),https://catalog.data.gov/dataset/surface-ownership-parcels-feature-layer-37a35
"Multinational Revenue, Employment, and Investment Database (MREID)",https://catalog.data.gov/dataset/multinational-revenue-employment-and-investment-database-mreid
Shorelines of the Louisiana coastal region used in shoreline change analysis,https://catalog.data.gov/dataset/shorelines-of-the-louisiana-coastal-region-used-in-shoreline-change-analysis
Consumer Airfare Report: Table 6 - Contiguous State City-Pair Markets That Average At Least 10 Passengers Per Day,https://catalog.data.gov/dataset/consumer-airfare-report-table-6-contiguous-state-city-pair-markets-that-average-at-least-1
